id,state,name,_wandb,l1,l2,lr,smooth,input_dim,l1_lambda,l1_smooth,l2_lambda,hidden_dim,output_dim,_runtime,_step,_timestamp,bias/lambda_1,bias/lambda_2,epoch,train/loss,trainer/global_step,val/loss,optimizer_cls,bias_model_kwargs,grad_match_loss_fn
hbiv6d94,failed,different-sweep-180,{'runtime': 1},10.0,10.0,0.001,1e-6,10,10.0,1e-6,10.0,200,1,,,,,,,,,,,,
qxioveyq,failed,vibrant-sweep-178,{'runtime': 1},10.0,10.0,0.001,1e-4,10,10.0,1e-4,10.0,200,1,,,,,,,,,,,,
2b5my8ot,failed,misunderstood-sweep-179,{'runtime': 1},10.0,10.0,0.001,1e-5,10,10.0,1e-5,10.0,200,1,,,,,,,,,,,,
mfn4o9zl,finished,lively-sweep-177,{'runtime': 36},10.0,10.0,0.01,0.001,10,10.0,0.001,10.0,200,1,35.950575828552246,221.0,1749669692.7184007,0.6371724605560303,0.635509192943573,60.0,0.00018698303028941152,7599.0,144.1139373779297,Adam,,mse_loss
cofh15pj,finished,rosy-sweep-176,{'runtime': 37},10.0,10.0,0.01,0.01,10,10.0,0.01,10.0,200,1,36.592413663864136,221.0,1749669693.3690157,-1.5024994611740112,-1.500148892402649,60.0,0.00019674697250593456,7599.0,144.1142120361328,Adam,,mse_loss
qk982rt0,failed,wild-sweep-175,{'runtime': 1},10.0,1.0,0.001,1e-6,10,10.0,1e-6,1.0,200,1,,,,,,,,,,,,
55u6sh0a,failed,graceful-sweep-173,{'runtime': 1},10.0,1.0,0.001,1e-4,10,10.0,1e-4,1.0,200,1,,,,,,,,,,,,
ucqsf9vl,failed,polished-sweep-174,{'runtime': 1},10.0,1.0,0.001,1e-5,10,10.0,1e-5,1.0,200,1,,,,,,,,,,,,
ijm9n55a,finished,summer-sweep-172,{'runtime': 37},10.0,1.0,0.01,0.001,10,10.0,0.001,1.0,200,1,36.7090847492218,221.0,1749669666.6505258,0.6513853073120117,0.6496644616127014,60.0,0.00018940081645268947,7599.0,144.11392211914062,Adam,,mse_loss
mk790egs,finished,rural-sweep-171,{'runtime': 37},10.0,1.0,0.01,0.01,10,10.0,0.01,1.0,200,1,37.14427375793457,221.0,1749669666.5160327,-1.5174412727355957,-1.5150426626205444,60.0,0.00019653586787171665,7599.0,144.11419677734375,Adam,,mse_loss
drezz9qm,failed,playful-sweep-170,{'runtime': 1},10.0,0.1,0.001,1e-6,10,10.0,1e-6,0.1,200,1,,,,,,,,,,,,
ysnw15q0,failed,revived-sweep-169,{'runtime': 1},10.0,0.1,0.001,1e-5,10,10.0,1e-5,0.1,200,1,,,,,,,,,,,,
de7t1ij8,finished,swept-sweep-167,{'runtime': 36},10.0,0.1,0.01,0.001,10,10.0,0.001,0.1,200,1,36.28310132026672,221.0,1749669640.4514272,0.8064156770706177,0.8039166927337646,60.0,0.00020936857617925853,7599.0,144.1138153076172,Adam,,mse_loss
0ek518to,failed,hearty-sweep-168,{'runtime': 1},10.0,0.1,0.001,1e-4,10,10.0,1e-4,0.1,200,1,,,,,,,,,,,,
8ka04suj,finished,rosy-sweep-166,{'runtime': 36},10.0,0.1,0.01,0.01,10,10.0,0.01,0.1,200,1,35.77425813674927,221.0,1749669634.438362,-1.5198363065719604,-1.517434000968933,60.0,0.00019655880169011652,7599.0,144.11419677734375,Adam,,mse_loss
wtfo4y6p,failed,volcanic-sweep-165,{'runtime': 1},10.0,0.01,0.001,1e-6,10,10.0,1e-6,0.01,200,1,,,,,,,,,,,,
ikq5fa6s,failed,usual-sweep-164,{'runtime': 1},10.0,0.01,0.001,1e-5,10,10.0,1e-5,0.01,200,1,,,,,,,,,,,,
ff6xq6km,failed,quiet-sweep-163,{'runtime': 1},10.0,0.01,0.001,1e-4,10,10.0,1e-4,0.01,200,1,,,,,,,,,,,,
gh6l40lv,finished,misunderstood-sweep-162,{'runtime': 37},10.0,0.01,0.01,0.001,10,10.0,0.001,0.01,200,1,36.243086099624634,221.0,1749669616.437469,0.3666034042835235,0.3657971918582916,60.0,0.00015275762416422367,7599.0,144.11427307128906,Adam,,mse_loss
i5hkqfuq,finished,distinctive-sweep-161,{'runtime': 37},10.0,0.01,0.01,0.01,10,10.0,0.01,0.01,200,1,37.04149532318115,221.0,1749669610.3754992,-1.4901010990142822,-1.4877365827560425,60.0,0.00019487357349134984,7599.0,144.11419677734375,Adam,,mse_loss
j2nx7p63,failed,valiant-sweep-160,{'runtime': 1},10.0,0.001,0.001,1e-6,10,10.0,1e-6,0.001,200,1,,,,,,,,,,,,
21lvxax7,failed,icy-sweep-159,{'runtime': 1},10.0,0.001,0.001,1e-5,10,10.0,1e-5,0.001,200,1,,,,,,,,,,,,
pjm8138a,failed,glad-sweep-158,{'runtime': 1},10.0,0.001,0.001,1e-4,10,10.0,1e-4,0.001,200,1,,,,,,,,,,,,
qj03fw5f,finished,prime-sweep-157,{'runtime': 37},10.0,0.001,0.01,0.001,10,10.0,0.001,0.001,200,1,36.471781730651855,221.0,1749669585.1233597,0.7663730978965759,0.7640846371650696,60.0,0.00020424228569027036,7599.0,144.11383056640625,Adam,,mse_loss
4g9dooxy,finished,different-sweep-156,{'runtime': 36},10.0,0.001,0.01,0.01,10,10.0,0.01,0.001,200,1,35.635457038879395,221.0,1749669579.807774,-1.4324421882629397,-1.4301446676254272,60.0,0.00019160243391525,7599.0,144.11424255371094,Adam,,mse_loss
acb8zg3b,failed,wild-sweep-155,{'runtime': 1},10.0,0.0001,0.001,1e-6,10,10.0,1e-6,0.0001,200,1,,,,,,,,,,,,
b2yhhljb,failed,eternal-sweep-154,{'runtime': 1},10.0,0.0001,0.001,1e-5,10,10.0,1e-5,0.0001,200,1,,,,,,,,,,,,
rss4vrs0,failed,worthy-sweep-153,{'runtime': 1},10.0,0.0001,0.001,1e-4,10,10.0,1e-4,0.0001,200,1,,,,,,,,,,,,
oijm99vo,finished,restful-sweep-152,{'runtime': 36},10.0,0.0001,0.01,0.001,10,10.0,0.001,0.0001,200,1,36.02500867843628,221.0,1749669558.5166566,0.7544156312942505,0.7521908283233643,60.0,0.0002027079463005066,7599.0,144.1138458251953,Adam,,mse_loss
81i3p221,finished,cosmic-sweep-151,{'runtime': 36},10.0,0.0001,0.01,0.01,10,10.0,0.01,0.0001,200,1,36.04909348487854,221.0,1749669558.1026974,-1.5114996433258057,-1.5091058015823364,60.0,0.00019607809372246263,7599.0,144.11419677734375,Adam,,mse_loss
f6ra9zxi,failed,electric-sweep-150,{'runtime': 1},1.0,10.0,0.001,1e-6,10,1.0,1e-6,10.0,200,1,,,,,,,,,,,,
fj1djq0b,failed,ethereal-sweep-149,{'runtime': 1},1.0,10.0,0.001,1e-5,10,1.0,1e-5,10.0,200,1,,,,,,,,,,,,
26py5lg6,failed,silver-sweep-148,{'runtime': 1},1.0,10.0,0.001,1e-4,10,1.0,1e-4,10.0,200,1,,,,,,,,,,,,
dpcy64q4,finished,dry-sweep-147,{'runtime': 36},1.0,10.0,0.01,0.001,10,1.0,0.001,10.0,200,1,35.60776209831238,221.0,1749669526.33832,-0.24051016569137573,-0.2393248975276947,60.0,0.00021818943787366152,7599.0,144.11390686035156,Adam,,mse_loss
9f1vrrzc,finished,lyric-sweep-146,{'runtime': 37},1.0,10.0,0.01,0.01,10,1.0,0.01,10.0,200,1,36.655789613723755,221.0,1749669526.0484517,0.9385316371917723,0.9381717443466188,60.0,0.00021586730144917965,7599.0,144.11386108398438,Adam,,mse_loss
8erh9sr4,failed,scarlet-sweep-145,{'runtime': 1},1.0,1.0,0.001,1e-6,10,1.0,1e-6,1.0,200,1,,,,,,,,,,,,
u5icktdg,failed,comic-sweep-144,{'runtime': 1},1.0,1.0,0.001,1e-5,10,1.0,1e-5,1.0,200,1,,,,,,,,,,,,
pe8y8uzl,failed,dutiful-sweep-143,{'runtime': 1},1.0,1.0,0.001,1e-4,10,1.0,1e-4,1.0,200,1,,,,,,,,,,,,
b04zxbuj,finished,happy-sweep-142,{'runtime': 53},1.0,1.0,0.01,0.001,10,1.0,0.001,1.0,200,1,52.85130739212036,399.0,1749669500.5796564,0.698723316192627,1.1264636516571045,61.0,0.023390643298625943,7749.0,36.38511657714844,Adam,,mse_loss
qbyedcny,finished,gentle-sweep-141,{'runtime': 53},1.0,1.0,0.01,0.01,10,1.0,0.01,1.0,200,1,52.70717930793762,399.0,1749669499.9625542,0.9877627491950988,1.0423587560653689,61.0,0.022685054689645767,7749.0,36.33491897583008,Adam,,mse_loss
jff3hfxb,failed,easy-sweep-140,{'runtime': 1},1.0,0.1,0.001,1e-6,10,1.0,1e-6,0.1,200,1,,,,,,,,,,,,
dirzzfpk,failed,dark-sweep-139,{'runtime': 1},1.0,0.1,0.001,1e-5,10,1.0,1e-5,0.1,200,1,,,,,,,,,,,,
cgbvuy2a,failed,fluent-sweep-138,{'runtime': 1},1.0,0.1,0.001,1e-4,10,1.0,1e-4,0.1,200,1,,,,,,,,,,,,
h31sotov,finished,fluent-sweep-137,{'runtime': 97},1.0,0.1,0.01,0.001,10,1.0,0.001,0.1,200,1,96.27972626686096,622.0,1749669500.9005303,0.7996709942817688,0.1738721877336502,152.0,0.004561339505016804,19099.0,15.334453582763672,Adam,,mse_loss
mof6nj14,failed,visionary-sweep-135,{'runtime': 1},1.0,0.01,0.001,1e-6,10,1.0,1e-6,0.01,200,1,,,,,,,,,,,,
8n4k4el9,finished,prime-sweep-136,{'runtime': 73},1.0,0.1,0.01,0.01,10,1.0,0.01,0.1,200,1,72.74051904678345,497.0,1749669471.266973,0.9964360594749452,0.09186212718486786,102.0,0.007448178250342608,12849.0,15.28452968597412,Adam,,mse_loss
nctx7rpw,failed,kind-sweep-134,{'runtime': 1},1.0,0.01,0.001,1e-5,10,1.0,1e-5,0.01,200,1,,,,,,,,,,,,
gr14ibgv,failed,pretty-sweep-133,{'runtime': 1},1.0,0.01,0.001,1e-4,10,1.0,1e-4,0.01,200,1,,,,,,,,,,,,
vz5wjvwh,finished,helpful-sweep-132,{'runtime': 98},1.0,0.01,0.01,0.001,10,1.0,0.001,0.01,200,1,98.17140412330627,707.0,1749669467.065957,0.7451008558273315,0.049919817596673965,117.0,0.005912342108786106,14749.0,12.565275192260742,Adam,,mse_loss
0fz9gh4n,finished,ethereal-sweep-131,{'runtime': 78},1.0,0.01,0.01,0.01,10,1.0,0.01,0.01,200,1,77.7900595664978,602.0,1749669443.0338016,0.908589780330658,0.0003480252344161272,75.0,0.00537751242518425,9499.0,12.515053749084473,Adam,,mse_loss
v513x4gm,failed,smooth-sweep-130,{'runtime': 1},1.0,0.001,0.001,1e-6,10,1.0,1e-6,0.001,200,1,,,,,,,,,,,,
w6b495o8,failed,earthy-sweep-129,{'runtime': 1},1.0,0.001,0.001,1e-5,10,1.0,1e-5,0.001,200,1,,,,,,,,,,,,
tc4mk48y,failed,azure-sweep-128,{'runtime': 1},1.0,0.001,0.001,1e-4,10,1.0,1e-4,0.001,200,1,,,,,,,,,,,,
worc1yd9,finished,electric-sweep-127,{'runtime': 94},1.0,0.001,0.01,0.001,10,1.0,0.001,0.001,200,1,94.04159712791444,707.0,1749669427.092539,0.7597076892852783,0.03686802089214325,117.0,0.00611520279198885,14749.0,12.227606773376465,Adam,,mse_loss
s65mllza,finished,leafy-sweep-126,{'runtime': 75},1.0,0.001,0.01,0.01,10,1.0,0.01,0.001,200,1,75.16347026824951,602.0,1749669405.0711882,0.904808759689331,-0.00797600019723177,75.0,0.005646690260618925,9499.0,12.177465438842772,Adam,,mse_loss
gvrb0yoa,failed,eager-sweep-125,{'runtime': 1},1.0,0.0001,0.001,1e-6,10,1.0,1e-6,0.0001,200,1,,,,,,,,,,,,
2u45hm52,failed,playful-sweep-124,{'runtime': 1},1.0,0.0001,0.001,1e-5,10,1.0,1e-5,0.0001,200,1,,,,,,,,,,,,
d7xwtphy,failed,hardy-sweep-123,{'runtime': 1},1.0,0.0001,0.001,1e-4,10,1.0,1e-4,0.0001,200,1,,,,,,,,,,,,
e38wzc3u,finished,soft-sweep-122,{'runtime': 95},1.0,0.0001,0.01,0.001,10,1.0,0.001,0.0001,200,1,94.72307658195496,707.0,1749669377.6134837,0.7504649758338928,0.03718449547886848,117.0,0.006194042973220348,14749.0,12.19261360168457,Adam,,mse_loss
0ore1sbj,finished,hardy-sweep-121,{'runtime': 76},1.0,0.0001,0.01,0.01,10,1.0,0.01,0.0001,200,1,75.97918033599854,602.0,1749669357.8931413,0.9042522311210632,-0.008775818161666393,75.0,0.005679342430084944,9499.0,12.142422676086426,Adam,,mse_loss
qyydy5cb,failed,chocolate-sweep-120,{'runtime': 1},0.1,10.0,0.001,1e-6,10,0.1,1e-6,10.0,200,1,,,,,,,,,,,,
55lzdxv8,failed,grateful-sweep-119,{'runtime': 1},0.1,10.0,0.001,1e-5,10,0.1,1e-5,10.0,200,1,,,,,,,,,,,,
px3fx7wy,failed,atomic-sweep-118,{'runtime': 1},0.1,10.0,0.001,1e-4,10,0.1,1e-4,10.0,200,1,,,,,,,,,,,,
btdw9ch4,finished,devout-sweep-117,{'runtime': 54},0.1,10.0,0.01,0.001,10,0.1,0.001,10.0,200,1,53.992392778396606,321.0,1749669309.4046357,0.04289231076836586,10.25998878479004,100.0,0.08461306989192963,12599.0,143.08595275878906,Adam,,mse_loss
84yftzu2,finished,cool-sweep-116,{'runtime': 54},0.1,10.0,0.01,0.01,10,0.1,0.01,10.0,200,1,54.309178829193115,321.0,1749669308.3989208,0.056518375873565674,10.223840713500977,100.0,0.0836315006017685,12599.0,142.96351623535156,Adam,,mse_loss
didmdmxr,failed,breezy-sweep-115,{'runtime': 1},0.1,1.0,0.001,1e-6,10,0.1,1e-6,1.0,200,1,,,,,,,,,,,,
vx5fwa0p,failed,playful-sweep-114,{'runtime': 1},0.1,1.0,0.001,1e-5,10,0.1,1e-5,1.0,200,1,,,,,,,,,,,,
13eak75v,failed,eternal-sweep-113,{'runtime': 1},0.1,1.0,0.001,1e-4,10,0.1,1e-4,1.0,200,1,,,,,,,,,,,,
n6gtnm4s,finished,splendid-sweep-112,{'runtime': 96},0.1,1.0,0.01,0.001,10,0.1,0.001,1.0,200,1,96.10327100753784,682.0,1749669318.245232,0.05722677335143089,1.0237542390823364,120.0,0.012941925786435604,15099.0,26.199478149414062,Adam,,mse_loss
d9i087ss,finished,iconic-sweep-111,{'runtime': 96},0.1,1.0,0.01,0.01,10,0.1,0.01,1.0,200,1,95.63466715812685,682.0,1749669302.995798,0.07875364273786545,1.01447856426239,120.0,0.013388230465352535,15099.0,26.097806930541992,Adam,,mse_loss
t93w4sx7,failed,leafy-sweep-110,{'runtime': 1},0.1,0.1,0.001,1e-6,10,0.1,1e-6,0.1,200,1,,,,,,,,,,,,
er904xwi,failed,resilient-sweep-109,{'runtime': 1},0.1,0.1,0.001,1e-5,10,0.1,1e-5,0.1,200,1,,,,,,,,,,,,
qj7c3is7,failed,hardy-sweep-108,{'runtime': 1},0.1,0.1,0.001,1e-4,10,0.1,1e-4,0.1,200,1,,,,,,,,,,,,
kfpp5x4k,finished,breezy-sweep-107,{'runtime': 75},0.1,0.1,0.01,0.001,10,0.1,0.001,0.1,200,1,74.66117572784424,665.0,1749669256.1668968,0.0014667095383629205,0.08376438915729523,50.0,0.0024318594951182604,6349.0,4.034268856048584,Adam,,mse_loss
8104b56q,finished,rich-sweep-106,{'runtime': 75},0.1,0.1,0.01,0.01,10,0.1,0.01,0.1,200,1,75.42003870010376,665.0,1749669236.1915088,0.05317385494709015,0.06812979280948639,50.0,0.002359227277338505,6349.0,4.028954982757568,Adam,,mse_loss
4306azyk,failed,avid-sweep-105,{'runtime': 1},0.1,0.01,0.001,1e-6,10,0.1,1e-6,0.01,200,1,,,,,,,,,,,,
1fr1bwem,failed,magic-sweep-104,{'runtime': 1},0.1,0.01,0.001,1e-5,10,0.1,1e-5,0.01,200,1,,,,,,,,,,,,
hzjha5t5,failed,woven-sweep-103,{'runtime': 1},0.1,0.01,0.001,1e-4,10,0.1,1e-4,0.01,200,1,,,,,,,,,,,,
7r5samps,finished,skilled-sweep-102,{'runtime': 76},0.1,0.01,0.01,0.001,10,0.1,0.001,0.01,200,1,76.44783878326416,602.0,1749669213.0487547,0.012816909700632095,0.00929469708353281,75.0,0.002652304247021675,9499.0,1.7904070615768433,Adam,,mse_loss
lm5z7vt5,finished,azure-sweep-101,{'runtime': 77},0.1,0.01,0.01,0.01,10,0.1,0.01,0.01,200,1,76.45709681510925,602.0,1749669213.0881689,0.0189385749399662,0.007658480200916529,75.0,0.002651182934641838,9499.0,1.7851041555404663,Adam,,mse_loss
sesl9zdv,failed,honest-sweep-100,{'runtime': 1},0.1,0.001,0.001,1e-6,10,0.1,1e-6,0.001,200,1,,,,,,,,,,,,
ao1v7y1x,failed,comic-sweep-99,{'runtime': 1},0.1,0.001,0.001,1e-5,10,0.1,1e-5,0.001,200,1,,,,,,,,,,,,
sfotwk1g,failed,sunny-sweep-98,{'runtime': 1},0.1,0.001,0.001,1e-4,10,0.1,1e-4,0.001,200,1,,,,,,,,,,,,
u8p3svtp,finished,wandering-sweep-96,{'runtime': 79},0.1,0.001,0.01,0.01,10,0.1,0.01,0.001,200,1,78.56923365592957,602.0,1749669187.1034307,0.009842541068792343,0.0012667443370446565,75.0,0.002925701905041933,9499.0,1.5265772342681885,Adam,,mse_loss
vhwzgfxl,finished,charmed-sweep-97,{'runtime': 65},0.1,0.001,0.01,0.001,10,0.1,0.001,0.001,200,1,64.94739151000977,490.0,1749669173.4822035,0.051540717482566833,0.03940676525235176,60.0,0.002872232813388109,7599.0,1.549797296524048,Adam,,mse_loss
d4thh03f,failed,fast-sweep-95,{'runtime': 1},0.1,0.0001,0.001,1e-6,10,0.1,1e-6,0.0001,200,1,,,,,,,,,,,,
8zrjdhmg,failed,clean-sweep-94,{'runtime': 1},0.1,0.0001,0.001,1e-5,10,0.1,1e-5,0.0001,200,1,,,,,,,,,,,,
sywzk93f,failed,stellar-sweep-93,{'runtime': 1},0.1,0.0001,0.001,1e-4,10,0.1,1e-4,0.0001,200,1,,,,,,,,,,,,
ja46ul44,finished,scarlet-sweep-92,{'runtime': 61},0.1,0.0001,0.01,0.001,10,0.1,0.001,0.0001,200,1,60.63062858581543,490.0,1749669134.2539096,0.04710175096988678,0.039794664829969406,60.0,0.0028871179092675447,7599.0,1.5247032642364502,Adam,,mse_loss
t32o0cm1,finished,golden-sweep-91,{'runtime': 75},0.1,0.0001,0.01,0.01,10,0.1,0.01,0.0001,200,1,75.2566397190094,602.0,1749669139.6321046,0.008647401817142963,0.0007142529357224703,75.0,0.0029588753823190928,9499.0,1.4993083477020264,Adam,,mse_loss
71vvig9l,failed,dazzling-sweep-89,{'runtime': 1},0.01,10.0,0.001,1e-5,10,0.01,1e-5,10.0,200,1,,,,,,,,,,,,
gl1onrnk,failed,vocal-sweep-90,{'runtime': 1},0.01,10.0,0.001,1e-6,10,0.01,1e-6,10.0,200,1,,,,,,,,,,,,
tpk05s1x,failed,serene-sweep-88,{'runtime': 1},0.01,10.0,0.001,1e-4,10,0.01,1e-4,10.0,200,1,,,,,,,,,,,,
am9dp9gm,finished,happy-sweep-87,{'runtime': 55},0.01,10.0,0.01,0.001,10,0.01,0.001,10.0,200,1,54.919151306152344,321.0,1749669091.3851354,-0.004074351396411657,10.039514541625977,100.0,0.09564290195703506,12599.0,141.29080200195312,Adam,,mse_loss
sabp8p99,finished,vibrant-sweep-86,{'runtime': 55},0.01,10.0,0.01,0.01,10,0.01,0.01,10.0,200,1,54.83451747894287,321.0,1749669090.2663195,-0.005752027966082096,10.046480178833008,100.0,0.0953119769692421,12599.0,141.2287139892578,Adam,,mse_loss
wrbnxcs5,failed,celestial-sweep-85,{'runtime': 1},0.01,1.0,0.001,1e-6,10,0.01,1e-6,1.0,200,1,,,,,,,,,,,,
m4rjakzx,failed,trim-sweep-84,{'runtime': 1},0.01,1.0,0.001,1e-5,10,0.01,1e-5,1.0,200,1,,,,,,,,,,,,
kxwkoycz,failed,fancy-sweep-83,{'runtime': 1},0.01,1.0,0.001,1e-4,10,0.01,1e-4,1.0,200,1,,,,,,,,,,,,
3j8gajce,finished,exalted-sweep-82,{'runtime': 55},0.01,1.0,0.01,0.001,10,0.01,0.001,1.0,200,1,54.407389402389526,320.0,1749669065.5582943,0.0020071561448276043,1.1969804763793943,94.0,0.01122200023382902,11849.0,25.092134475708008,Adam,,mse_loss
5dmprf3t,finished,solar-sweep-81,{'runtime': 53},0.01,1.0,0.01,0.01,10,0.01,0.01,1.0,200,1,52.82725286483765,320.0,1749669051.0755038,0.004623689688742161,1.174710392951965,94.0,0.011192197911441326,11849.0,25.015277862548828,Adam,,mse_loss
06oog5fx,failed,sandy-sweep-80,{'runtime': 1},0.01,0.1,0.001,1e-6,10,0.01,1e-6,0.1,200,1,,,,,,,,,,,,
2fr7qyta,failed,spring-sweep-79,{'runtime': 1},0.01,0.1,0.001,1e-5,10,0.01,1e-5,0.1,200,1,,,,,,,,,,,,
s2uikqdw,failed,electric-sweep-78,{'runtime': 1},0.01,0.1,0.001,1e-4,10,0.01,1e-4,0.1,200,1,,,,,,,,,,,,
hln142xk,finished,sage-sweep-77,{'runtime': 75},0.01,0.1,0.01,0.001,10,0.01,0.001,0.1,200,1,74.73040556907654,616.0,1749669040.5682616,-0.014813460409641266,0.1430812627077103,50.0,0.002124791033565998,6349.0,3.075993776321411,Adam,,mse_loss
kcummwp8,finished,bumbling-sweep-76,{'runtime': 75},0.01,0.1,0.01,0.01,10,0.01,0.01,0.1,200,1,75.14164137840271,616.0,1749669037.0341945,-0.013127037324011326,0.14060534536838531,50.0,0.002149937441572547,6349.0,3.071312427520752,Adam,,mse_loss
b940wxjy,failed,wise-sweep-75,{'runtime': 1},0.01,0.01,0.001,1e-6,10,0.01,1e-6,0.01,200,1,,,,,,,,,,,,
oq4efc8g,failed,mild-sweep-74,{'runtime': 1},0.01,0.01,0.001,1e-5,10,0.01,1e-5,0.01,200,1,,,,,,,,,,,,
niwh9v0l,failed,denim-sweep-73,{'runtime': 1},0.01,0.01,0.001,1e-4,10,0.01,1e-4,0.01,200,1,,,,,,,,,,,,
yzzybwux,finished,robust-sweep-72,{'runtime': 71},0.01,0.01,0.01,0.001,10,0.01,0.001,0.01,200,1,70.92258358001709,616.0,1749668989.2340236,-0.014348049648106098,0.045116230845451355,50.0,0.002647703979164362,6349.0,0.9149564504623412,Adam,,mse_loss
p0s2amqz,finished,splendid-sweep-71,{'runtime': 73},0.01,0.01,0.01,0.01,10,0.01,0.01,0.01,200,1,72.78133583068848,616.0,1749668989.230439,-0.012776290997862816,0.04327951371669769,50.0,0.0026872390881180763,6349.0,0.9158989787101746,Adam,,mse_loss
fjentjcg,failed,true-sweep-70,{'runtime': 1},0.01,0.001,0.001,1e-6,10,0.01,1e-6,0.001,200,1,,,,,,,,,,,,
g33mdj61,failed,ruby-sweep-69,{'runtime': 1},0.01,0.001,0.001,1e-5,10,0.01,1e-5,0.001,200,1,,,,,,,,,,,,
rhkh2eo8,failed,dry-sweep-68,{'runtime': 1},0.01,0.001,0.001,1e-4,10,0.01,1e-4,0.001,200,1,,,,,,,,,,,,
2b9wjkm8,finished,brisk-sweep-67,{'runtime': 81},0.01,0.001,0.01,0.001,10,0.01,0.001,0.001,200,1,81.03960585594177,668.0,1749668970.2081778,-0.003585117170587182,0.04292299970984459,78.0,0.004402696155011654,9849.0,0.7558155059814453,Adam,,mse_loss
gqmaw9ul,finished,driven-sweep-66,{'runtime': 82},0.01,0.001,0.01,0.01,10,0.01,0.01,0.001,200,1,81.25303936004639,668.0,1749668965.7627697,0.014796964824199677,0.03805829584598541,78.0,0.004395404364913702,9849.0,0.7343956828117371,Adam,,mse_loss
xumpbd1p,failed,super-sweep-65,{'runtime': 1},0.01,0.0001,0.001,1e-6,10,0.01,1e-6,0.0001,200,1,,,,,,,,,,,,
l3thqyzk,failed,glowing-sweep-64,{'runtime': 1},0.01,0.0001,0.001,1e-5,10,0.01,1e-5,0.0001,200,1,,,,,,,,,,,,
e4ia8ety,failed,driven-sweep-63,{'runtime': 1},0.01,0.0001,0.001,1e-4,10,0.01,1e-4,0.0001,200,1,,,,,,,,,,,,
pd70sbfx,finished,daily-sweep-62,{'runtime': 86},0.01,0.0001,0.01,0.001,10,0.01,0.001,0.0001,200,1,85.57470989227295,668.0,1749668942.4390998,-0.004883855115622282,0.04171375185251236,78.0,0.004723886959254742,9849.0,0.7397903800010681,Adam,,mse_loss
l3awfx31,finished,drawn-sweep-61,{'runtime': 81},0.01,0.0001,0.01,0.01,10,0.01,0.01,0.0001,200,1,81.17659425735474,668.0,1749668927.8415363,0.011255927383899689,0.03519517183303833,78.0,0.0048554278910160065,9849.0,0.7322039604187012,Adam,,mse_loss
v2rlpc7w,failed,dashing-sweep-60,{'runtime': 1},0.001,10.0,0.001,1e-6,10,0.001,1e-6,10.0,200,1,,,,,,,,,,,,
ihp5qgio,failed,true-sweep-59,{'runtime': 1},0.001,10.0,0.001,1e-5,10,0.001,1e-5,10.0,200,1,,,,,,,,,,,,
q7nc5x3m,failed,fresh-sweep-58,{'runtime': 1},0.001,10.0,0.001,1e-4,10,0.001,1e-4,10.0,200,1,,,,,,,,,,,,
fm52fyhx,finished,sweepy-sweep-57,{'runtime': 57},0.001,10.0,0.01,0.001,10,0.001,0.001,10.0,200,1,56.23667287826538,321.0,1749668873.2827258,-0.007538009900599718,9.987130165100098,100.0,0.09795152395963667,12599.0,140.82406616210938,Adam,,mse_loss
qhsf68kn,finished,lunar-sweep-56,{'runtime': 56},0.001,10.0,0.01,0.01,10,0.001,0.01,10.0,200,1,55.595669984817505,321.0,1749668872.640714,-0.009990394115447998,9.99846363067627,100.0,0.09775658696889876,12599.0,140.8157958984375,Adam,,mse_loss
u8orgk24,failed,rose-sweep-55,{'runtime': 1},0.001,1.0,0.001,1e-6,10,0.001,1e-6,1.0,200,1,,,,,,,,,,,,
8egv50h0,failed,stilted-sweep-54,{'runtime': 1},0.001,1.0,0.001,1e-5,10,0.001,1e-5,1.0,200,1,,,,,,,,,,,,
foyn1b1f,failed,absurd-sweep-53,{'runtime': 1},0.001,1.0,0.001,1e-4,10,0.001,1e-4,1.0,200,1,,,,,,,,,,,,
tibloa2w,finished,neat-sweep-52,{'runtime': 54},0.001,1.0,0.01,0.001,10,0.001,0.001,1.0,200,1,53.67693781852722,320.0,1749668844.7938278,-0.004803910851478577,1.1704882383346558,94.0,0.010444289073348044,11849.0,23.69529914855957,Adam,,mse_loss
wrg1oix0,finished,vital-sweep-51,{'runtime': 54},0.001,1.0,0.01,0.01,10,0.001,0.01,1.0,200,1,53.34336829185486,320.0,1749668838.7511382,-0.003003485966473818,1.148193359375,94.0,0.010422838851809502,11849.0,23.68583106994629,Adam,,mse_loss
q63vt6ya,failed,stellar-sweep-50,{'runtime': 1},0.001,0.1,0.001,1e-6,10,0.001,1e-6,0.1,200,1,,,,,,,,,,,,
flp0v8kh,failed,honest-sweep-49,{'runtime': 1},0.001,0.1,0.001,1e-5,10,0.001,1e-5,0.1,200,1,,,,,,,,,,,,
0yhjx6km,failed,visionary-sweep-48,{'runtime': 1},0.001,0.1,0.001,1e-4,10,0.001,1e-4,0.1,200,1,,,,,,,,,,,,
r22lc5k8,finished,splendid-sweep-47,{'runtime': 74},0.001,0.1,0.01,0.001,10,0.001,0.001,0.1,200,1,73.60755848884583,468.0,1749668824.5818014,-0.0036899324040859938,0.13409076631069183,114.0,0.0033496450632810593,14349.0,2.867652654647827,Adam,,mse_loss
wsy6ewnn,finished,youthful-sweep-46,{'runtime': 66},0.001,0.1,0.01,0.01,10,0.001,0.01,0.1,200,1,65.98433470726013,423.0,1749668809.4020276,-0.007556921802461147,0.10729581862688065,96.0,0.0033625932410359383,12099.0,2.8590598106384277,Adam,,mse_loss
sdr5yisc,failed,jolly-sweep-45,{'runtime': 1},0.001,0.01,0.001,1e-6,10,0.001,1e-6,0.01,200,1,,,,,,,,,,,,
ir8e0wt8,failed,dutiful-sweep-44,{'runtime': 1},0.001,0.01,0.001,1e-5,10,0.001,1e-5,0.01,200,1,,,,,,,,,,,,
gmo369m9,failed,olive-sweep-43,{'runtime': 1},0.001,0.01,0.001,1e-4,10,0.001,1e-4,0.01,200,1,,,,,,,,,,,,
1diqbpcx,finished,valiant-sweep-42,{'runtime': 63},0.001,0.01,0.01,0.001,10,0.001,0.001,0.01,200,1,62.69511389732361,452.0,1749668769.2812288,0.0018283994868397713,0.02949657291173935,84.0,0.0013382695615291595,10599.0,0.6811885833740234,Adam,,mse_loss
xy035spb,finished,clean-sweep-41,{'runtime': 73},0.001,0.01,0.01,0.01,10,0.001,0.01,0.01,200,1,73.02369427680969,510.0,1749668778.1183052,0.007701830472797155,-0.0029588353354483843,107.0,0.0026679993607103825,13499.0,0.6736469268798828,Adam,,mse_loss
xzyh6mez,failed,balmy-sweep-40,{'runtime': 1},0.001,0.001,0.001,1e-6,10,0.001,1e-6,0.001,200,1,,,,,,,,,,,,
rjn7jkld,failed,leafy-sweep-39,{'runtime': 1},0.001,0.001,0.001,1e-5,10,0.001,1e-5,0.001,200,1,,,,,,,,,,,,
alk5gq32,failed,morning-sweep-38,{'runtime': 1},0.001,0.001,0.001,1e-4,10,0.001,1e-4,0.001,200,1,,,,,,,,,,,,
41x264yj,finished,resilient-sweep-37,{'runtime': 64},0.001,0.001,0.01,0.001,10,0.001,0.001,0.001,200,1,64.12170243263245,452.0,1749668744.2901354,0.002340372884646058,0.02331134118139744,84.0,0.0010566323762759566,10599.0,0.4895269274711609,Adam,,mse_loss
8w4qfokl,finished,floral-sweep-36,{'runtime': 65},0.001,0.001,0.01,0.01,10,0.001,0.01,0.001,200,1,64.58865022659302,452.0,1749668744.7568831,0.008608104661107063,0.01040948648005724,84.0,0.0010806708596646786,10599.0,0.4820869565010071,Adam,,mse_loss
045efvh6,failed,youthful-sweep-34,{'runtime': 1},0.001,0.0001,0.001,1e-5,10,0.001,1e-5,0.0001,200,1,,,,,,,,,,,,
g8kgezs4,failed,dandy-sweep-35,{'runtime': 1},0.001,0.0001,0.001,1e-6,10,0.001,1e-6,0.0001,200,1,,,,,,,,,,,,
lejrcqil,failed,fiery-sweep-33,{'runtime': 1},0.001,0.0001,0.001,1e-4,10,0.001,1e-4,0.0001,200,1,,,,,,,,,,,,
5jaayoi3,finished,happy-sweep-32,{'runtime': 64},0.001,0.0001,0.01,0.001,10,0.001,0.001,0.0001,200,1,63.98110628128052,452.0,1749668718.1776152,0.00039168065995909274,0.024145347997546196,84.0,0.0009604796068742872,10599.0,0.4714507460594177,Adam,,mse_loss
6viqmwaa,finished,graceful-sweep-31,{'runtime': 66},0.001,0.0001,0.01,0.01,10,0.001,0.01,0.0001,200,1,65.82593321800232,452.0,1749668700.7185185,0.00722412159666419,0.01121696550399065,84.0,0.0009716624626889824,10599.0,0.46497032046318054,Adam,,mse_loss
4z6clol5,failed,fresh-sweep-30,{'runtime': 1},0.0001,10.0,0.001,1e-6,10,0.0001,1e-6,10.0,200,1,,,,,,,,,,,,
tfy5armb,failed,skilled-sweep-29,{'runtime': 1},0.0001,10.0,0.001,1e-5,10,0.0001,1e-5,10.0,200,1,,,,,,,,,,,,
7qmjgxob,failed,copper-sweep-28,{'runtime': 1},0.0001,10.0,0.001,1e-4,10,0.0001,1e-4,10.0,200,1,,,,,,,,,,,,
ebpqvkt8,finished,hopeful-sweep-27,{'runtime': 55},0.0001,10.0,0.01,0.001,10,0.0001,0.001,10.0,200,1,54.35767388343811,321.0,1749668680.754021,-0.007912017405033112,9.981127738952637,100.0,0.09822186827659608,12599.0,140.76904296875,Adam,,mse_loss
kmgst7w5,failed,smart-sweep-25,{'runtime': 1},0.0001,1.0,0.001,1e-6,10,0.0001,1e-6,1.0,200,1,,,,,,,,,,,,
s0ol9qda,finished,zesty-sweep-26,{'runtime': 56},0.0001,10.0,0.01,0.01,10,0.0001,0.01,10.0,200,1,55.33729839324951,321.0,1749668664.0575185,-0.010371780022978784,9.992661476135254,100.0,0.09803039580583572,12599.0,140.76815795898438,Adam,,mse_loss
625qlpfq,failed,rose-sweep-24,{'runtime': 1},0.0001,1.0,0.001,1e-5,10,0.0001,1e-5,1.0,200,1,,,,,,,,,,,,
g94f6wp2,finished,bright-sweep-22,{'runtime': 54},0.0001,1.0,0.01,0.001,10,0.0001,0.001,1.0,200,1,53.92760968208313,320.0,1749668633.5137618,-0.00545115489512682,1.166763424873352,94.0,0.010357513092458248,11849.0,23.54061508178711,Adam,,mse_loss
m861i0kd,failed,revived-sweep-23,{'runtime': 1},0.0001,1.0,0.001,1e-4,10,0.0001,1e-4,1.0,200,1,,,,,,,,,,,,
xul6ekt0,finished,crimson-sweep-21,{'runtime': 55},0.0001,1.0,0.01,0.01,10,0.0001,0.01,1.0,200,1,54.82738661766052,320.0,1749668615.0070496,-0.003716827603057027,1.1444284915924072,94.0,0.010338421911001204,11849.0,23.539634704589844,Adam,,mse_loss
35zhh83m,failed,sage-sweep-19,{'runtime': 1},0.0001,0.1,0.001,1e-5,10,0.0001,1e-5,0.1,200,1,,,,,,,,,,,,
7aouyt66,failed,desert-sweep-20,{'runtime': 1},0.0001,0.1,0.001,1e-6,10,0.0001,1e-6,0.1,200,1,,,,,,,,,,,,
1coayxal,finished,super-sweep-17,{'runtime': 74},0.0001,0.1,0.01,0.001,10,0.0001,0.001,0.1,200,1,74.01957535743713,468.0,1749668610.6618214,-0.0060537089593708515,0.12355581670999528,114.0,0.003265527542680502,14349.0,2.714369773864746,Adam,,mse_loss
udt3mh18,failed,faithful-sweep-18,{'runtime': 1},0.0001,0.1,0.001,1e-4,10,0.0001,1e-4,0.1,200,1,,,,,,,,,,,,
rok1ylbg,finished,autumn-sweep-16,{'runtime': 79},0.0001,0.1,0.01,0.01,10,0.0001,0.01,0.1,200,1,78.93357968330383,498.0,1749668612.4475348,-0.0033141241874545813,0.09417308121919632,126.0,0.00450304476544261,15849.0,2.713444948196411,Adam,,mse_loss
dh0knje4,failed,clear-sweep-15,{'runtime': 1},0.0001,0.01,0.001,1e-6,10,0.0001,1e-6,0.01,200,1,,,,,,,,,,,,
z3ws4a7w,failed,clean-sweep-14,{'runtime': 1},0.0001,0.01,0.001,1e-5,10,0.0001,1e-5,0.01,200,1,,,,,,,,,,,,
3cbxy6ub,finished,comic-sweep-11,{'runtime': 76},0.0001,0.01,0.01,0.01,10,0.0001,0.01,0.01,200,1,75.393394947052,510.0,1749668585.989512,0.008894013240933418,-0.011772396974265575,107.0,0.0023863837122917175,13499.0,0.5400720834732056,Adam,,mse_loss
lm0i84jl,finished,honest-sweep-12,{'runtime': 75},0.0001,0.01,0.01,0.001,10,0.0001,0.001,0.01,200,1,74.65124154090881,510.0,1749668585.2516696,0.004511216655373573,0.009551948867738249,107.0,0.002484032418578863,13499.0,0.5409789681434631,Adam,,mse_loss
zkmdgarf,failed,revived-sweep-13,{'runtime': 1},0.0001,0.01,0.001,1e-4,10,0.0001,1e-4,0.01,200,1,,,,,,,,,,,,
3nqj6g6y,failed,comic-sweep-10,{'runtime': 1},0.0001,0.001,0.001,1e-6,10,0.0001,1e-6,0.001,200,1,,,,,,,,,,,,
3q4o5p2x,failed,northern-sweep-9,{'runtime': 1},0.0001,0.001,0.001,1e-5,10,0.0001,1e-5,0.001,200,1,,,,,,,,,,,,
pf0oe1fu,failed,atomic-sweep-8,{'runtime': 1},0.0001,0.001,0.001,1e-4,10,0.0001,1e-4,0.001,200,1,,,,,,,,,,,,
03pigyip,finished,daily-sweep-7,{'runtime': 47},0.0001,0.001,0.01,0.001,10,0.0001,0.001,0.001,200,1,46.2606635093689,278.0,1749668510.7434025,0.0026739637833088636,0.002233631443232298,80.0,0.00340067595243454,10099.0,0.4085787832736969,Adam,,mse_loss
34rzetpt,failed,rich-sweep-5,{'runtime': 1},0.0001,0.0001,0.001,1e-6,10,0.0001,1e-6,0.0001,200,1,,,,,,,,,,,,
fzvjjmxy,finished,leafy-sweep-6,{'runtime': 47},0.0001,0.001,0.01,0.01,10,0.0001,0.01,0.001,200,1,46.6576611995697,278.0,1749668511.1240332,0.0026047476567327976,0.0023799322079867125,80.0,0.003400164656341076,10099.0,0.4075250327587128,Adam,,mse_loss
26shlflb,failed,classic-sweep-3,{'runtime': 1},0.0001,0.0001,0.001,1e-4,10,0.0001,1e-4,0.0001,200,1,,,,,,,,,,,,
o7mkgh01,finished,decent-sweep-1,{'runtime': 49},0.0001,0.0001,0.01,0.01,10,0.0001,0.01,0.0001,200,1,48.830042600631714,278.0,1749668513.2787635,0.0018442125292494893,0.005361649207770824,80.0,0.003643234493210912,10099.0,0.32255473732948303,Adam,,mse_loss
tzxc5p0j,failed,sleek-sweep-4,{'runtime': 1},0.0001,0.0001,0.001,1e-5,10,0.0001,1e-5,0.0001,200,1,,,,,,,,,,,,
zb8pzvos,finished,classic-sweep-2,{'runtime': 49},0.0001,0.0001,0.01,0.001,10,0.0001,0.001,0.0001,200,1,48.487080097198486,278.0,1749668512.969454,0.0020161306019872427,0.004981729201972485,80.0,0.0036437525413930416,10099.0,0.3236078917980194,Adam,,mse_loss
