id,state,name,_runtime,_step,_timestamp,_wandb,bias/lambda_1,bias/lambda_2,epoch,train/loss,trainer/global_step,val/loss,l1,l2,lr,smooth,input_dim,l1_lambda,l1_smooth,l2_lambda,hidden_dim,output_dim,optimizer_cls,bias_model_kwargs,grad_match_loss_fn
1ntprmjt,finished,faithful-sweep-36,35.809197187423706,221,1749663604.3440802,{'runtime': 36},-1.5024994611740112,-1.500148892402649,60,0.00019674697250593456,7599,144.1142120361328,10.0,10.0,0.01,0.01,10,10.0,0.01,10.0,200,1,Adam,,mse_loss
7cnk9nb1,finished,soft-sweep-35,36.25449824333191,221,1749663590.1133974,{'runtime': 36},-1.5174412727355957,-1.5150426626205444,60,0.00019653586787171665,7599,144.11419677734375,10.0,1.0,0.01,0.01,10,10.0,0.01,1.0,200,1,Adam,,mse_loss
79v8p8bb,finished,solar-sweep-34,35.93946290016174,221,1749663589.8074598,{'runtime': 36},-1.5198363065719604,-1.517434000968933,60,0.00019655880169011652,7599,144.11419677734375,10.0,0.1,0.01,0.01,10,10.0,0.01,0.1,200,1,Adam,,mse_loss
jo45daum,finished,winter-sweep-33,36.44298315048218,221,1749663559.2804892,{'runtime': 37},-1.4901010990142822,-1.4877365827560425,60,0.00019487357349134984,7599,144.11419677734375,10.0,0.01,0.01,0.01,10,10.0,0.01,0.01,200,1,Adam,,mse_loss
ttfujlqu,finished,volcanic-sweep-32,35.513824462890625,221,1749663553.7198403,{'runtime': 36},-1.4324421882629397,-1.4301446676254272,60,0.00019160243391525,7599,144.11424255371094,10.0,0.001,0.01,0.01,10,10.0,0.01,0.001,200,1,Adam,,mse_loss
gq38bgr4,finished,vocal-sweep-31,35.77369737625122,221,1749663549.9214413,{'runtime': 36},-1.5114996433258057,-1.5091058015823364,60,0.00019607809372246263,7599,144.11419677734375,10.0,0.0001,0.01,0.01,10,10.0,0.01,0.0001,200,1,Adam,,mse_loss
nlrhjuz6,finished,zany-sweep-30,35.26632857322693,221,1749663532.7968826,{'runtime': 36},0.9385316371917723,0.9381717443466188,60,0.00021586730144917965,7599,144.11386108398438,1.0,10.0,0.01,0.01,10,1.0,0.01,10.0,200,1,Adam,,mse_loss
zbazpvao,finished,rosy-sweep-29,54.35344672203064,399,1749663548.3302877,{'runtime': 54},0.9877627491950988,1.0423587560653689,61,0.022685054689645767,7749,36.33491897583008,1.0,1.0,0.01,0.01,10,1.0,0.01,1.0,200,1,Adam,,mse_loss
cty3gqv5,finished,northern-sweep-28,72.39308905601501,497,1749663547.151941,{'runtime': 73},0.9964360594749452,0.09186212718486786,102,0.007448178250342608,12849,15.28452968597412,1.0,0.1,0.01,0.01,10,1.0,0.01,0.1,200,1,Adam,,mse_loss
mgmvkfty,finished,happy-sweep-27,72.87334084510803,602,1749663531.455947,{'runtime': 73},0.908589780330658,0.0003480252344161272,75,0.00537751242518425,9499,12.515053749084473,1.0,0.01,0.01,0.01,10,1.0,0.01,0.01,200,1,Adam,,mse_loss
cb8ue598,finished,lunar-sweep-26,74.13433384895325,602,1749663497.964099,{'runtime': 74},0.904808759689331,-0.00797600019723177,75,0.005646690260618925,9499,12.177465438842772,1.0,0.001,0.01,0.01,10,1.0,0.01,0.001,200,1,Adam,,mse_loss
dtikljzl,finished,flowing-sweep-25,74.65397906303406,602,1749663493.3986611,{'runtime': 75},0.9042522311210632,-0.008775818161666393,75,0.005679342430084944,9499,12.142422676086426,1.0,0.0001,0.01,0.01,10,1.0,0.01,0.0001,200,1,Adam,,mse_loss
fa8d56dr,finished,fanciful-sweep-24,56.65492391586304,321,1749663470.552517,{'runtime': 57},0.056518375873565674,10.223840713500977,100,0.0836315006017685,12599,142.96351623535156,0.1,10.0,0.01,0.01,10,0.1,0.01,10.0,200,1,Adam,,mse_loss
2j2wd357,finished,fast-sweep-23,95.7684965133667,682,1749663500.3977234,{'runtime': 96},0.07875364273786545,1.01447856426239,120,0.013388230465352535,15099,26.097806930541992,0.1,1.0,0.01,0.01,10,0.1,0.01,1.0,200,1,Adam,,mse_loss
dlxrvvuj,finished,apricot-sweep-22,74.0396339893341,665,1749663478.678184,{'runtime': 74},0.05317385494709015,0.06812979280948639,50,0.002359227277338505,6349,4.028954982757568,0.1,0.1,0.01,0.01,10,0.1,0.01,0.1,200,1,Adam,,mse_loss
159bm8hw,finished,cosmic-sweep-21,76.64932346343994,602,1749663450.9540455,{'runtime': 77},0.0189385749399662,0.007658480200916529,75,0.002651182934641838,9499,1.7851041555404663,0.1,0.01,0.01,0.01,10,0.1,0.01,0.01,200,1,Adam,,mse_loss
xoh1cj1t,finished,proud-sweep-20,72.632563829422,602,1749663436.2376528,{'runtime': 73},0.009842541068792343,0.0012667443370446565,75,0.002925701905041933,9499,1.5265772342681885,0.1,0.001,0.01,0.01,10,0.1,0.01,0.001,200,1,Adam,,mse_loss
agcw2a18,finished,vague-sweep-19,74.02222895622253,602,1749663402.996572,{'runtime': 74},0.008647401817142963,0.0007142529357224703,75,0.0029588753823190928,9499,1.4993083477020264,0.1,0.0001,0.01,0.01,10,0.1,0.01,0.0001,200,1,Adam,,mse_loss
msc37kkz,finished,apricot-sweep-18,56.012991189956665,321,1749663384.512056,{'runtime': 56},-0.005752027966082096,10.046480178833008,100,0.0953119769692421,12599,141.2287139892578,0.01,10.0,0.01,0.01,10,0.01,0.01,10.0,200,1,Adam,,mse_loss
9dxaxtdb,finished,ruby-sweep-17,52.12828779220581,320,1749663380.5054698,{'runtime': 52},0.004623689688742161,1.174710392951965,94,0.011192197911441326,11849,25.015277862548828,0.01,1.0,0.01,0.01,10,0.01,0.01,1.0,200,1,Adam,,mse_loss
pf78q5ef,finished,polar-sweep-16,70.73661804199219,616,1749663394.303146,{'runtime': 71},-0.013127037324011326,0.14060534536838531,50,0.002149937441572547,6349,3.071312427520752,0.01,0.1,0.01,0.01,10,0.01,0.01,0.1,200,1,Adam,,mse_loss
1uaicxdm,finished,magic-sweep-15,72.55362272262573,616,1749663393.147045,{'runtime': 73},-0.012776290997862816,0.04327951371669769,50,0.0026872390881180763,6349,0.9158989787101746,0.01,0.01,0.01,0.01,10,0.01,0.01,0.01,200,1,Adam,,mse_loss
dzbgtabz,finished,valiant-sweep-14,82.78112864494324,668,1749663352.3033288,{'runtime': 83},0.014796964824199677,0.03805829584598541,78,0.004395404364913702,9849,0.7343956828117371,0.01,0.001,0.01,0.01,10,0.01,0.01,0.001,200,1,Adam,,mse_loss
vbykzp8h,finished,divine-sweep-13,79.38279032707214,668,1749663342.8006754,{'runtime': 80},0.011255927383899689,0.03519517183303833,78,0.0048554278910160065,9849,0.7322039604187012,0.01,0.0001,0.01,0.01,10,0.01,0.01,0.0001,200,1,Adam,,mse_loss
uluruotk,finished,decent-sweep-12,53.61503529548645,321,1749663309.4019642,{'runtime': 54},-0.009990394115447998,9.99846363067627,100,0.09775658696889876,12599,140.8157958984375,0.001,10.0,0.01,0.01,10,0.001,0.01,10.0,200,1,Adam,,mse_loss
qtb968py,finished,robust-sweep-10,64.51931500434875,423,1749663308.441048,{'runtime': 65},-0.007556921802461147,0.10729581862688065,96,0.0033625932410359383,12099,2.8590598106384277,0.001,0.1,0.01,0.01,10,0.001,0.01,0.1,200,1,Adam,,mse_loss
um0hyg1u,finished,efficient-sweep-11,54.782609701156616,320,1749663298.6861446,{'runtime': 55},-0.003003485966473818,1.148193359375,94,0.010422838851809502,11849,23.68583106994629,0.001,1.0,0.01,0.01,10,0.001,0.01,1.0,200,1,Adam,,mse_loss
1c4n41se,finished,worthy-sweep-9,73.02420473098755,510,1749663309.3000686,{'runtime': 73},0.007701830472797155,-0.0029588353354483843,107,0.0026679993607103825,13499,0.6736469268798828,0.001,0.01,0.01,0.01,10,0.001,0.01,0.01,200,1,Adam,,mse_loss
iygawjne,finished,peach-sweep-8,62.998936891555786,452,1749663299.2481189,{'runtime': 63},0.008608104661107063,0.01040948648005724,84,0.0010806708596646786,10599,0.4820869565010071,0.001,0.001,0.01,0.01,10,0.001,0.01,0.001,200,1,Adam,,mse_loss
jq6tca8u,finished,wandering-sweep-7,62.81780481338501,452,1749663229.3460488,{'runtime': 63},0.00722412159666419,0.01121696550399065,84,0.0009716624626889824,10599,0.46497032046318054,0.001,0.0001,0.01,0.01,10,0.001,0.01,0.0001,200,1,Adam,,mse_loss
3rp9zv1v,finished,copper-sweep-6,57.48817682266235,321,1749663224.0406158,{'runtime': 58},-0.010371780022978784,9.992661476135254,100,0.09803039580583572,12599,140.76815795898438,0.0001,10.0,0.01,0.01,10,0.0001,0.01,10.0,200,1,Adam,,mse_loss
w6j5jrz0,finished,sweepy-sweep-5,55.610756158828735,320,1749663222.1918812,{'runtime': 56},-0.003716827603057027,1.1444284915924072,94,0.010338421911001204,11849,23.539634704589844,0.0001,1.0,0.01,0.01,10,0.0001,0.01,1.0,200,1,Adam,,mse_loss
ffxas4zf,finished,wise-sweep-1,46.10159254074097,278,1749663212.6425295,{'runtime': 46},0.0018442125292494893,0.005361649207770824,80,0.003643234493210912,10099,0.32255473732948303,0.0001,0.0001,0.01,0.01,10,0.0001,0.01,0.0001,200,1,Adam,,mse_loss
sysvnam5,finished,charmed-sweep-4,79.74405407905579,498,1749663246.27114,{'runtime': 80},-0.0033141241874545813,0.09417308121919632,126,0.00450304476544261,15849,2.713444948196411,0.0001,0.1,0.01,0.01,10,0.0001,0.01,0.1,200,1,Adam,,mse_loss
wd7yuypa,finished,summer-sweep-3,72.88635325431824,510,1749663239.4218843,{'runtime': 73},0.008894013240933418,-0.011772396974265575,107,0.0023863837122917175,13499,0.5400720834732056,0.0001,0.01,0.01,0.01,10,0.0001,0.01,0.01,200,1,Adam,,mse_loss
wo8773o4,finished,major-sweep-2,45.68492007255554,278,1749663212.2267811,{'runtime': 46},0.0026047476567327976,0.0023799322079867125,80,0.003400164656341076,10099,0.4075250327587128,0.0001,0.001,0.01,0.01,10,0.0001,0.01,0.001,200,1,Adam,,mse_loss
