function_class,depth,width,noise_std,l2_lambda,runs,mean_abs_error,std_abs_error,median_rel_error,mean_rel_error
linear,1,64,0.1,0.0001,1,0.008906363339722157,,89.06363339722157,89.06363339722157
linear,1,64,0.1,0.001,1,0.0005632833819836378,,0.5632833819836378,0.5632833819836378
linear,1,64,0.1,0.01,1,0.0031615372188389303,,0.316153721883893,0.316153721883893
linear,1,64,0.1,0.1,1,0.017043976485729223,,0.17043976485729223,0.17043976485729223
linear,1,64,0.1,1.0,1,0.00011551380157470704,,0.00011551380157470704,0.00011551380157470704
linear,1,64,0.5,0.0001,1,0.012483439238369464,,124.83439238369463,124.83439238369463
linear,1,64,0.5,0.001,1,0.007471726577728987,,7.471726577728987,7.471726577728987
linear,1,64,0.5,0.01,1,0.019285964071750643,,1.9285964071750643,1.9285964071750643
linear,1,64,0.5,0.1,1,0.0032308712601661627,,0.03230871260166163,0.03230871260166163
linear,1,64,0.5,1.0,1,0.01451563835144043,,0.01451563835144043,0.01451563835144043
linear,1,128,0.1,0.0001,1,0.0045465800747275355,,45.46580074727535,45.46580074727535
linear,1,128,0.1,0.001,1,0.003735595917329192,,3.735595917329192,3.735595917329192
linear,1,128,0.1,0.01,1,0.004718291349709034,,0.47182913497090334,0.47182913497090334
linear,1,128,0.1,0.1,1,0.06420963406562805,,0.6420963406562804,0.6420963406562804
linear,1,128,0.1,1.0,1,0.0011730790138244629,,0.0011730790138244629,0.0011730790138244629
linear,1,128,0.5,0.0001,1,0.0020731199230998756,,20.731199230998755,20.731199230998755
linear,1,128,0.5,0.001,1,0.009884836316108704,,9.884836316108702,9.884836316108702
linear,1,128,0.5,0.01,1,0.01382918887771666,,1.382918887771666,1.382918887771666
linear,1,128,0.5,0.1,1,0.04735113084316253,,0.4735113084316253,0.4735113084316253
linear,1,128,0.5,1.0,1,0.00947868824005127,,0.00947868824005127,0.00947868824005127
linear,1,256,0.1,0.0001,1,0.0015007893623784185,,15.007893623784184,15.007893623784184
linear,1,256,0.1,0.001,1,0.003862914465367794,,3.862914465367794,3.862914465367794
linear,1,256,0.1,0.01,1,0.012161995992064476,,1.2161995992064476,1.2161995992064476
linear,1,256,0.1,0.1,1,0.04043578505516052,,0.4043578505516052,0.4043578505516052
linear,1,256,0.1,1.0,1,0.013380467891693115,,0.013380467891693115,0.013380467891693115
linear,1,256,0.5,0.0001,1,0.002684654963761568,,26.84654963761568,26.84654963761568
linear,1,256,0.5,0.001,1,0.002342147123068571,,2.342147123068571,2.342147123068571
linear,1,256,0.5,0.01,1,0.01072722464799881,,1.072722464799881,1.072722464799881
linear,1,256,0.5,0.1,1,0.006637750566005712,,0.06637750566005712,0.06637750566005712
linear,1,256,0.5,1.0,1,0.01149129867553711,,0.01149129867553711,0.01149129867553711
linear,3,64,0.1,0.0001,1,0.003649664746969938,,36.49664746969938,36.49664746969938
linear,3,64,0.1,0.001,1,0.035567967385053634,,35.567967385053635,35.567967385053635
linear,3,64,0.1,0.01,1,0.03898680604994297,,3.898680604994297,3.898680604994297
linear,3,64,0.1,0.1,1,0.0007913842797279413,,0.007913842797279413,0.007913842797279413
linear,3,64,0.1,1.0,1,0.12736088037490845,,0.12736088037490845,0.12736088037490845
linear,3,64,0.5,0.0001,1,0.0039080289959907534,,39.08028995990753,39.08028995990753
linear,3,64,0.5,0.001,1,0.00041244896035641434,,0.4124489603564143,0.4124489603564143
linear,3,64,0.5,0.01,1,0.02437218442559242,,2.437218442559242,2.437218442559242
linear,3,64,0.5,0.1,1,0.08291611969470977,,0.8291611969470977,0.8291611969470977
linear,3,64,0.5,1.0,1,0.21981698274612427,,0.21981698274612427,0.21981698274612427
linear,3,128,0.1,0.0001,1,0.004843748810142279,,48.43748810142279,48.43748810142279
linear,3,128,0.1,0.001,1,0.001952178940176964,,1.952178940176964,1.952178940176964
linear,3,128,0.1,0.01,1,0.02527445390820503,,2.5274453908205032,2.5274453908205032
linear,3,128,0.1,0.1,1,0.006457252800464636,,0.06457252800464636,0.06457252800464636
linear,3,128,0.1,1.0,1,0.1998351812362671,,0.1998351812362671,0.1998351812362671
linear,3,128,0.5,0.0001,1,0.003744535085186362,,37.44535085186362,37.44535085186362
linear,3,128,0.5,0.001,1,0.016826482325792314,,16.826482325792313,16.826482325792313
linear,3,128,0.5,0.01,1,0.022148405909538267,,2.2148405909538265,2.2148405909538265
linear,3,128,0.5,0.1,1,0.03308881223201751,,0.3308881223201751,0.3308881223201751
linear,3,128,0.5,1.0,1,0.25763094425201416,,0.25763094425201416,0.25763094425201416
linear,3,256,0.1,0.0001,1,0.004070590080320835,,40.705900803208344,40.705900803208344
linear,3,256,0.1,0.001,1,0.0030508579909801483,,3.0508579909801483,3.0508579909801483
linear,3,256,0.1,0.01,1,0.005841206535696983,,0.5841206535696983,0.5841206535696983
linear,3,256,0.1,0.1,1,0.03605215102434159,,0.3605215102434159,0.3605215102434159
linear,3,256,0.1,1.0,1,0.4582383036613464,,0.4582383036613464,0.4582383036613464
linear,3,256,0.5,0.0001,1,0.0074670856654644015,,74.67085665464401,74.67085665464401
linear,3,256,0.5,0.001,1,0.002423635382205248,,2.423635382205248,2.423635382205248
linear,3,256,0.5,0.01,1,0.08117595851421357,,8.117595851421356,8.117595851421356
linear,3,256,0.5,0.1,1,0.044947424530982966,,0.44947424530982966,0.44947424530982966
linear,3,256,0.5,1.0,1,0.31492018699645996,,0.31492018699645996,0.31492018699645996
linear,5,64,0.1,0.0001,1,0.006007299122959375,,60.07299122959375,60.07299122959375
linear,5,64,0.1,0.001,1,0.029676310554146768,,29.676310554146767,29.676310554146767
linear,5,64,0.1,0.01,1,0.015622872151434422,,1.5622872151434422,1.5622872151434422
linear,5,64,0.1,0.1,1,0.14997380450367928,,1.4997380450367928,1.4997380450367928
linear,5,64,0.1,1.0,1,0.1585657000541687,,0.1585657000541687,0.1585657000541687
linear,5,64,0.5,0.0001,1,0.013272575272619724,,132.72575272619724,132.72575272619724
linear,5,64,0.5,0.001,1,0.02257239243388176,,22.57239243388176,22.57239243388176
linear,5,64,0.5,0.01,1,0.06000982761383056,,6.000982761383057,6.000982761383057
linear,5,64,0.5,0.1,1,0.12746697515249253,,1.2746697515249252,1.2746697515249252
linear,5,64,0.5,1.0,1,0.18850350379943848,,0.18850350379943848,0.18850350379943848
linear,5,128,0.1,0.0001,1,0.005855078978836537,,58.55078978836536,58.55078978836536
linear,5,128,0.1,0.001,1,0.01900084672868252,,19.00084672868252,19.00084672868252
linear,5,128,0.1,0.01,1,0.00949581690132618,,0.949581690132618,0.949581690132618
linear,5,128,0.1,0.1,1,0.17520298659801484,,1.7520298659801483,1.7520298659801483
linear,5,128,0.1,1.0,1,0.4316631555557251,,0.4316631555557251,0.4316631555557251
linear,5,128,0.5,0.0001,1,0.007392256224900484,,73.92256224900484,73.92256224900484
linear,5,128,0.5,0.001,1,0.011246610268950463,,11.246610268950462,11.246610268950462
linear,5,128,0.5,0.01,1,0.03466828748583794,,3.4668287485837936,3.4668287485837936
linear,5,128,0.5,0.1,1,0.13853859007358552,,1.385385900735855,1.385385900735855
linear,5,128,0.5,1.0,1,0.4080389142036438,,0.4080389142036438,0.4080389142036438
linear,5,256,0.1,0.0001,1,0.0048009149566292765,,48.00914956629276,48.00914956629276
linear,5,256,0.1,0.001,1,0.00601574482768774,,6.01574482768774,6.01574482768774
linear,5,256,0.1,0.01,1,0.011984216505661609,,1.198421650566161,1.198421650566161
linear,5,256,0.1,0.1,1,0.08888695538043975,,0.8888695538043975,0.8888695538043975
linear,5,256,0.1,1.0,1,0.4948740005493164,,0.4948740005493164,0.4948740005493164
linear,5,256,0.5,0.0001,1,0.0019933335181325676,,19.93333518132567,19.93333518132567
linear,5,256,0.5,0.001,1,0.026788623839616776,,26.788623839616776,26.788623839616776
linear,5,256,0.5,0.01,1,0.1052129140496254,,10.52129140496254,10.52129140496254
linear,5,256,0.5,0.1,1,0.02134981900453567,,0.2134981900453567,0.2134981900453567
linear,5,256,0.5,1.0,1,0.33522629737854004,,0.33522629737854004,0.33522629737854004
polynomial,1,64,0.1,0.0001,1,37.955416815185544,,379554.1681518554,379554.1681518554
polynomial,1,64,0.1,0.001,1,37.95541708374024,,37955.417083740234,37955.417083740234
polynomial,1,64,0.1,0.01,1,37.95541976928711,,3795.541976928711,3795.541976928711
polynomial,1,64,0.1,0.1,1,37.95541610717773,,379.5541610717773,379.5541610717773
polynomial,1,64,0.1,1.0,1,37.95540618896485,,37.95540618896485,37.95540618896485
polynomial,1,64,0.5,0.0001,1,37.955416815185544,,379554.1681518554,379554.1681518554
polynomial,1,64,0.5,0.001,1,37.95541708374024,,37955.417083740234,37955.417083740234
polynomial,1,64,0.5,0.01,1,37.955415954589846,,3795.541595458984,3795.541595458984
polynomial,1,64,0.5,0.1,1,37.95541610717773,,379.5541610717773,379.5541610717773
polynomial,1,64,0.5,1.0,1,37.95540618896485,,37.95540618896485,37.95540618896485
polynomial,1,128,0.1,0.0001,1,39.41582025756835,,394158.20257568354,394158.20257568354
polynomial,1,128,0.1,0.001,1,39.41582052612305,,39415.82052612305,39415.82052612305
polynomial,1,128,0.1,0.01,1,39.41581939697266,,3941.5819396972656,3941.5819396972656
polynomial,1,128,0.1,0.1,1,39.41584243774414,,394.15842437744135,394.15842437744135
polynomial,1,128,0.1,1.0,1,39.41583251953125,,39.41583251953125,39.41583251953125
polynomial,1,128,0.5,0.0001,1,39.41582025756835,,394158.20257568354,394158.20257568354
polynomial,1,128,0.5,0.001,1,39.41582052612305,,39415.82052612305,39415.82052612305
polynomial,1,128,0.5,0.01,1,39.41582321166992,,3941.582321166992,3941.582321166992
polynomial,1,128,0.5,0.1,1,39.41584243774414,,394.15842437744135,394.15842437744135
polynomial,1,128,0.5,1.0,1,39.41583633422851,,39.41583633422851,39.41583633422851
polynomial,1,256,0.1,0.0001,1,40.763827459716794,,407638.2745971679,407638.2745971679
polynomial,1,256,0.1,0.001,1,40.76382772827149,,40763.827728271484,40763.827728271484
polynomial,1,256,0.1,0.01,1,40.763826599121096,,4076.3826599121094,4076.3826599121094
polynomial,1,256,0.1,0.1,1,40.76382675170898,,407.6382675170898,407.6382675170898
polynomial,1,256,0.1,1.0,1,40.76382827758789,,40.76382827758789,40.76382827758789
polynomial,1,256,0.5,0.0001,1,40.763827459716794,,407638.2745971679,407638.2745971679
polynomial,1,256,0.5,0.001,1,40.76382772827149,,40763.827728271484,40763.827728271484
polynomial,1,256,0.5,0.01,1,40.763826599121096,,4076.3826599121094,4076.3826599121094
polynomial,1,256,0.5,0.1,1,40.76382675170898,,407.6382675170898,407.6382675170898
polynomial,1,256,0.5,1.0,1,40.76382827758789,,40.76382827758789,40.76382827758789
polynomial,3,64,0.1,0.001,1,3.851274656295777,,3851.274656295776,3851.274656295776
polynomial,3,64,0.1,0.01,1,3.8496735000610354,,384.9673500061035,384.9673500061035
polynomial,3,64,0.1,0.1,1,3.8501080513000487,,38.50108051300049,38.50108051300049
polynomial,3,64,0.1,1.0,1,3.845323085784912,,3.845323085784912,3.845323085784912
polynomial,3,64,0.5,0.0001,1,3.8457385467529295,,38457.38546752929,38457.38546752929
polynomial,3,64,0.5,0.001,1,3.8521882762908937,,3852.1882762908936,3852.1882762908936
polynomial,3,64,0.5,0.01,1,3.851207962036133,,385.1207962036133,385.1207962036133
polynomial,3,64,0.5,0.1,1,3.850995922088623,,38.50995922088623,38.50995922088623
polynomial,3,64,0.5,1.0,1,3.8482823371887207,,3.8482823371887207,3.8482823371887207
polynomial,3,128,0.1,0.0001,1,5.411533968353272,,54115.339683532715,54115.339683532715
polynomial,3,128,0.1,0.001,1,5.413936542510986,,5413.936542510986,5413.936542510986
polynomial,3,128,0.1,0.01,1,5.404798259735108,,540.4798259735107,540.4798259735107
polynomial,3,128,0.1,0.1,1,5.399564647674561,,53.995646476745605,53.995646476745605
polynomial,3,128,0.1,1.0,1,5.375582218170166,,5.375582218170166,5.375582218170166
polynomial,3,128,0.5,0.0001,1,5.41038812866211,,54103.881286621094,54103.881286621094
polynomial,3,128,0.5,0.001,1,5.406924175262451,,5406.924175262451,5406.924175262451
polynomial,3,128,0.5,0.01,1,5.401005973815918,,540.1005973815918,540.1005973815918
polynomial,3,128,0.5,0.1,1,5.39938440322876,,53.9938440322876,53.9938440322876
polynomial,3,128,0.5,1.0,1,5.391605377197266,,5.391605377197266,5.391605377197266
polynomial,3,256,0.1,0.0001,1,5.728140966796875,,57281.40966796875,57281.40966796875
polynomial,3,256,0.1,0.001,1,4.97066109085083,,4970.66109085083,4970.66109085083
polynomial,3,256,0.1,0.01,1,4.968793621063233,,496.8793621063232,496.8793621063232
polynomial,3,256,0.1,0.1,1,5.734648132324219,,57.34648132324219,57.34648132324219
polynomial,3,256,0.1,1.0,1,5.735753059387207,,5.735753059387207,5.735753059387207
polynomial,3,256,0.5,0.0001,1,4.975293295288086,,49752.93295288086,49752.93295288086
polynomial,3,256,0.5,0.001,1,4.974892066955566,,4974.892066955566,4974.892066955566
polynomial,3,256,0.5,0.01,1,4.972296466827393,,497.22964668273926,497.22964668273926
polynomial,3,256,0.5,0.1,1,5.73681869506836,,57.368186950683594,57.368186950683594
polynomial,3,256,0.5,1.0,1,5.739939212799072,,5.739939212799072,5.739939212799072
polynomial,5,64,0.1,0.0001,1,8.65131841430664,,86513.1841430664,86513.1841430664
polynomial,5,64,0.1,0.001,1,7.253353523254394,,7253.353523254394,7253.353523254394
polynomial,5,64,0.1,0.01,1,2.154735794067383,,215.4735794067383,215.4735794067383
polynomial,5,64,0.1,0.1,1,16.29482307434082,,162.94823074340815,162.94823074340815
polynomial,5,64,0.1,1.0,1,4.72408390045166,,4.72408390045166,4.72408390045166
polynomial,5,64,0.5,0.0001,1,21.32113157043457,,213211.3157043457,213211.3157043457
polynomial,5,64,0.5,0.001,1,1.3610589036941527,,1361.0589036941526,1361.0589036941526
polynomial,5,64,0.5,0.01,1,8.26644588470459,,826.644588470459,826.644588470459
polynomial,5,64,0.5,0.1,1,15.713499450683594,,157.13499450683594,157.13499450683594
polynomial,5,64,0.5,1.0,1,4.3349928855896,,4.3349928855896,4.3349928855896
polynomial,5,128,0.1,0.0001,1,7.4810093475341795,,74810.0934753418,74810.0934753418
polynomial,5,128,0.1,0.001,1,1.1400737295150756,,1140.0737295150757,1140.0737295150757
polynomial,5,128,0.1,0.01,1,22.6308576965332,,2263.0857696533203,2263.0857696533203
polynomial,5,128,0.1,1.0,1,33.8774299621582,,33.8774299621582,33.8774299621582
polynomial,5,128,0.5,0.0001,1,2.6164180206298826,,26164.180206298824,26164.180206298824
polynomial,5,128,0.5,0.001,1,27.53459603881836,,27534.59603881836,27534.59603881836
polynomial,5,128,0.5,0.01,1,8.026164283752442,,802.6164283752441,802.6164283752441
polynomial,5,128,0.5,0.1,1,7.4319242477417,,74.31924247741699,74.31924247741699
polynomial,5,128,0.5,1.0,1,31.226451873779297,,31.226451873779297,31.226451873779297
polynomial,5,256,0.1,0.0001,1,11.497450964355467,,114974.50964355467,114974.50964355467
polynomial,5,256,0.1,0.001,1,15.675965713500975,,15675.965713500977,15675.965713500977
polynomial,5,256,0.1,0.01,1,15.15419792175293,,1515.419792175293,1515.419792175293
polynomial,5,256,0.1,0.1,1,8.662414169311523,0.0,86.62414169311522,86.62414169311522
polynomial,5,256,0.1,1.0,1,12.040868759155272,,12.040868759155272,12.040868759155272
polynomial,5,256,0.5,0.0001,1,9.271768705749512,,92717.68705749512,92717.68705749512
polynomial,5,256,0.5,0.001,1,3.3732096424102784,,3373.2096424102783,3373.2096424102783
polynomial,5,256,0.5,0.01,1,8.606127014160156,,860.6127014160156,860.6127014160156
polynomial,5,256,0.5,0.1,1,21.607564544677736,,216.07564544677737,216.07564544677737
polynomial,5,256,0.5,1.0,1,8.390242099761963,,8.390242099761963,8.390242099761963
sine,1,64,0.1,0.0001,1,0.0023150308359414337,,23.150308359414336,23.150308359414336
sine,1,64,0.1,0.001,1,0.0006639823366422206,,0.6639823366422206,0.6639823366422206
sine,1,64,0.1,0.01,1,0.001745212599635124,,0.1745212599635124,0.1745212599635124
sine,1,64,0.1,0.1,1,0.04886189326643944,,0.4886189326643944,0.4886189326643944
sine,1,64,0.1,1.0,1,0.7082585096359253,,0.7082585096359253,0.7082585096359253
sine,1,64,0.5,0.0001,1,0.004043869378417731,,40.4386937841773,40.4386937841773
sine,1,64,0.5,0.001,1,0.0015306709790602329,,1.5306709790602326,1.5306709790602326
sine,1,64,0.5,0.01,1,0.0016105629131197927,,0.1610562913119793,0.1610562913119793
sine,1,64,0.5,0.1,1,0.011788816750049586,,0.11788816750049586,0.11788816750049586
sine,1,64,0.5,1.0,1,0.020980238914489743,,0.020980238914489743,0.020980238914489743
sine,1,128,0.1,0.0001,1,0.0002732601085677743,,2.732601085677743,2.732601085677743
sine,1,128,0.1,0.001,1,0.0010418770145624876,,1.0418770145624876,1.0418770145624876
sine,1,128,0.1,0.01,1,1.618266105649774e-07,,1.6182661056497738e-05,1.6182661056497738e-05
sine,1,128,0.1,0.1,1,0.008463880419731146,,0.08463880419731146,0.08463880419731146
sine,1,128,0.1,1.0,1,1.340794563293457,,1.340794563293457,1.340794563293457
sine,1,128,0.5,0.0001,1,0.0012689961051568388,,12.689961051568387,12.689961051568387
sine,1,128,0.5,0.001,1,0.0026164987832307815,,2.6164987832307816,2.6164987832307816
sine,1,128,0.5,0.01,1,0.003731695711612701,,0.3731695711612701,0.3731695711612701
sine,1,128,0.5,0.1,1,0.003086580336093908,,0.03086580336093908,0.03086580336093908
sine,1,128,0.5,1.0,1,0.0516507625579834,,0.0516507625579834,0.0516507625579834
sine,1,256,0.1,0.0001,1,0.0001873090830282308,,1.873090830282308,1.873090830282308
sine,1,256,0.1,0.001,1,9.211890958249568e-05,,0.09211890958249566,0.09211890958249566
sine,1,256,0.1,0.01,1,0.009473660660441963,,0.9473660660441964,0.9473660660441964
sine,1,256,0.1,0.1,1,0.03608474731445313,,0.3608474731445313,0.3608474731445313
sine,1,256,0.1,1.0,1,0.3825876712799072,,0.3825876712799072,0.3825876712799072
sine,1,256,0.5,0.0001,1,0.002034701004251838,,20.347010042518377,20.347010042518377
sine,1,256,0.5,0.001,1,0.0028754310440272093,,2.8754310440272093,2.8754310440272093
sine,1,256,0.5,0.01,1,0.002014566920697689,,0.20145669206976888,0.20145669206976888
sine,1,256,0.5,0.1,1,0.016217285394668574,,0.16217285394668574,0.16217285394668574
sine,1,256,0.5,1.0,1,1.5954160690307615,,1.5954160690307615,1.5954160690307615
sine,3,64,0.1,0.0001,1,0.0003608546441886574,,3.608546441886574,3.608546441886574
sine,3,64,0.1,0.001,1,0.0019799012914299965,,1.9799012914299965,1.9799012914299965
sine,3,64,0.1,0.01,1,3.947481513023355e-05,,0.003947481513023356,0.003947481513023356
sine,3,64,0.1,0.1,1,0.1962111279368401,,1.9621112793684008,1.9621112793684008
sine,3,64,0.1,1.0,1,0.27093613147735596,,0.27093613147735596,0.27093613147735596
sine,3,64,0.5,0.0001,1,0.003794045948982239,,37.94045948982239,37.94045948982239
sine,3,64,0.5,0.001,1,0.001000775638113737,,1.000775638113737,1.000775638113737
sine,3,64,0.5,0.01,1,0.022063100486993788,,2.2063100486993785,2.2063100486993785
sine,3,64,0.5,0.1,1,0.27061434984207156,,2.7061434984207153,2.7061434984207153
sine,3,64,0.5,1.0,1,0.6396137475967407,,0.6396137475967407,0.6396137475967407
sine,3,128,0.1,0.0001,1,0.0004086080636829138,,4.086080636829138,4.086080636829138
sine,3,128,0.1,0.001,1,0.002681511290371418,,2.681511290371418,2.681511290371418
sine,3,128,0.1,0.01,1,0.006824862435460091,,0.6824862435460091,0.6824862435460091
sine,3,128,0.1,0.1,1,0.14705533757805825,,1.4705533757805824,1.4705533757805824
sine,3,128,0.1,1.0,1,0.004696846008300781,,0.004696846008300781,0.004696846008300781
sine,3,128,0.5,0.0001,1,0.0013925773721188306,,13.925773721188303,13.925773721188303
sine,3,128,0.5,0.001,1,0.0049393180049955845,,4.9393180049955845,4.9393180049955845
sine,3,128,0.5,0.01,1,0.000198815241456032,,0.0198815241456032,0.0198815241456032
sine,3,128,0.5,0.1,1,0.04168919622898101,,0.4168919622898101,0.4168919622898101
sine,3,128,0.5,1.0,1,0.05867856740951538,,0.05867856740951538,0.05867856740951538
sine,3,256,0.1,0.0001,1,0.00029984981412999333,,2.998498141299933,2.998498141299933
sine,3,256,0.1,0.001,1,0.00273114612698555,,2.73114612698555,2.73114612698555
sine,3,256,0.1,0.01,1,0.002262199986726046,,0.2262199986726046,0.2262199986726046
sine,3,256,0.1,0.1,1,0.05094162970781327,,0.5094162970781326,0.5094162970781326
sine,3,256,0.1,1.0,1,0.11857914924621582,,0.11857914924621582,0.11857914924621582
sine,3,256,0.5,0.0001,1,0.0008827306399121881,,8.82730639912188,8.82730639912188
sine,3,256,0.5,0.001,1,0.0023975010737776756,,2.3975010737776756,2.3975010737776756
sine,3,256,0.5,0.01,1,0.00033973366022110006,,0.033973366022110006,0.033973366022110006
sine,3,256,0.5,0.1,1,0.26380892992019656,,2.6380892992019653,2.6380892992019653
sine,3,256,0.5,1.0,1,0.2127220630645752,0.0,0.2127220630645752,0.2127220630645752
sine,5,64,0.1,0.0001,1,0.00010295332069508732,,1.0295332069508731,1.0295332069508731
sine,5,64,0.1,0.001,1,0.001353244337020442,,1.353244337020442,1.353244337020442
sine,5,64,0.1,0.01,1,0.05656190052628517,,5.656190052628517,5.656190052628517
sine,5,64,0.1,0.1,1,0.0933469844982028,,0.933469844982028,0.933469844982028
sine,5,64,0.1,1.0,1,0.0653262734413147,,0.0653262734413147,0.0653262734413147
sine,5,64,0.5,0.0001,1,0.0019460819264873865,,19.460819264873862,19.460819264873862
sine,5,64,0.5,0.001,1,0.0038352694138884544,0.0,3.8352694138884544,3.8352694138884544
sine,5,64,0.5,0.01,1,0.18595432698726655,,18.595432698726658,18.595432698726658
sine,5,64,0.5,0.1,1,0.05789134502410889,,0.5789134502410889,0.5789134502410889
sine,5,64,0.5,1.0,1,0.24131906032562256,,0.24131906032562256,0.24131906032562256
sine,5,128,0.1,0.0001,1,0.002557529539242386,,25.575295392423865,25.575295392423865
sine,5,128,0.1,0.001,1,0.003986581392586231,,3.9865813925862312,3.9865813925862312
sine,5,128,0.1,0.01,1,0.0598291477560997,,5.98291477560997,5.98291477560997
sine,5,128,0.1,0.1,1,0.015150977671146398,,0.15150977671146398,0.15150977671146398
sine,5,128,0.1,1.0,1,0.4681980609893799,,0.4681980609893799,0.4681980609893799
sine,5,128,0.5,0.0001,1,0.0010737410677596926,,10.737410677596923,10.737410677596923
sine,5,128,0.5,0.01,1,0.0894378924369812,,8.94378924369812,8.94378924369812
sine,5,128,0.5,0.1,1,0.10802859012037516,,1.0802859012037516,1.0802859012037516
sine,5,128,0.5,1.0,1,0.39528167247772217,,0.39528167247772217,0.39528167247772217
sine,5,256,0.1,0.0001,1,0.00021520376796834172,,2.152037679683417,2.152037679683417
sine,5,256,0.1,0.001,1,0.0039654399044811725,,3.965439904481173,3.965439904481173
sine,5,256,0.1,0.01,1,0.203697988986969,,20.3697988986969,20.3697988986969
sine,5,256,0.1,0.1,1,0.2314395517110825,,2.3143955171108246,2.3143955171108246
sine,5,256,0.1,1.0,1,0.13434678316116333,,0.13434678316116333,0.13434678316116333
sine,5,256,0.5,0.0001,1,6.796117193298415e-05,,0.6796117193298414,0.6796117193298414
sine,5,256,0.5,0.001,1,0.0006494969604536891,,0.6494969604536891,0.6494969604536891
sine,5,256,0.5,0.01,1,0.034262196868658064,,3.426219686865806,3.426219686865806
sine,5,256,0.5,0.1,1,0.06522562503814697,,0.6522562503814696,0.6522562503814696
sine,5,256,0.5,1.0,1,0.29047971963882446,,0.29047971963882446,0.29047971963882446
