run_id,run_name,run_state,sweep_id,sweep_name,created_at,lr,seed,depth,width,lr_bias,lr_model,input_dim,l2_lambda,noise_std,batch_size,output_dim,optimizer_cls,patience_bias,function_class,patience_model,max_epochs_bias,max_epochs_model,grad_match_loss_fn,bias/beta,epoch,l2/abs_error,l2/estimated,l2/rel_error,l2/true,l2_abs_error,l2_estimated,l2_rel_error,l2_true,train/loss,trainer/global_step,val/loss
jr798mfr,fiery-sweep-135,finished,9kyq9owq,9kyq9owq,2025-09-29T22:03:02Z,0.01,42,5,256,0.01,0.001,10,1.0,0.1,64,1,Adam,100,polynomial,100,5000,5000,mse_loss,-1.814302444458008,132,2.8146334886550903,-1.8146334886550903,2.8146334886550903,1.0,2.8146334886550903,-1.8146334886550903,2.8146334886550903,1.0,8.233286058074857e+21,8239,1.442596836605952e+16
grklrzsk,amber-sweep-134,finished,9kyq9owq,9kyq9owq,2025-09-29T22:03:01Z,0.01,42,5,128,0.01,0.001,10,1.0,0.1,64,1,Adam,100,polynomial,100,5000,5000,mse_loss,18.381832122802734,304,17.38184356689453,18.38184356689453,17.38184356689453,1.0,17.38184356689453,18.38184356689453,17.38184356689453,1.0,53821503197960730000,18909,1.270227987857408e+16
zpau0eum,misunderstood-sweep-133,finished,9kyq9owq,9kyq9owq,2025-09-29T22:02:03Z,0.01,42,5,64,0.01,0.001,10,1.0,0.1,64,1,Adam,100,polynomial,100,5000,5000,mse_loss,5.268680095672607,167,4.274753570556641,5.274753570556641,4.274753570556641,1.0,4.274753570556641,5.274753570556641,4.274753570556641,1.0,1.6448258408408997e+25,10409,9294245877776384.0
nrr1cbu1,playful-sweep-132,finished,9kyq9owq,9kyq9owq,2025-09-29T22:01:55Z,0.01,42,5,256,0.01,0.001,10,0.1,0.1,64,1,Adam,100,polynomial,100,5000,5000,mse_loss,13.752891540527344,164,13.65201416015625,13.75201416015625,136.5201416015625,0.1,13.65201416015625,13.75201416015625,136.5201416015625,0.1,3.5965344114964085e+21,10229,1.498082982232064e+16
ualn8cj3,kind-sweep-131,finished,9kyq9owq,9kyq9owq,2025-09-29T22:01:42Z,0.01,42,5,128,0.01,0.001,10,0.1,0.1,64,1,Adam,100,polynomial,100,5000,5000,mse_loss,13.544139862060549,136,13.450301551818848,13.550301551818848,134.50301551818848,0.1,13.450301551818848,13.550301551818848,134.50301551818848,0.1,555076535372761500000,8489,1.2394935240097792e+16
almqchft,effortless-sweep-130,finished,9kyq9owq,9kyq9owq,2025-09-29T22:01:16Z,0.01,42,5,64,0.01,0.001,10,0.1,0.1,64,1,Adam,100,polynomial,100,5000,5000,mse_loss,-10.45107078552246,116,10.564130401611328,-10.464130401611328,105.64130401611328,0.1,10.564130401611328,-10.464130401611328,105.64130401611328,0.1,1.1757551150055856e+23,7249,1.0619068268675072e+16
joutlrir,worldly-sweep-129,finished,9kyq9owq,9kyq9owq,2025-09-29T22:00:42Z,0.01,42,5,256,0.01,0.001,10,0.01,0.1,64,1,Adam,100,polynomial,100,5000,5000,mse_loss,24.746973037719727,271,24.737894287109373,24.747894287109375,2473.7894287109375,0.01,24.737894287109373,24.747894287109375,2473.7894287109375,0.01,4485091548140142600,16859,1.651504045883392e+16
03c2hzpk,noble-sweep-128,finished,9kyq9owq,9kyq9owq,2025-09-29T22:00:35Z,0.01,42,5,128,0.01,0.001,10,0.01,0.1,64,1,Adam,100,polynomial,100,5000,5000,mse_loss,-17.38330841064453,226,17.400384674072267,-17.390384674072266,1740.0384674072268,0.01,17.400384674072267,-17.390384674072266,1740.0384674072268,0.01,2.4999182042158403e+22,14069,1.3406186363682816e+16
29rc4v9l,eager-sweep-127,finished,9kyq9owq,9kyq9owq,2025-09-29T22:00:30Z,0.01,42,5,64,0.01,0.001,10,0.01,0.1,64,1,Adam,100,polynomial,100,5000,5000,mse_loss,6.1169867515563965,103,6.100698223114014,6.110698223114014,610.0698223114014,0.01,6.100698223114014,6.110698223114014,610.0698223114014,0.01,7.78157884350928e+23,6439,8281176909283328.0
p47sn81v,prime-sweep-126,finished,9kyq9owq,9kyq9owq,2025-09-29T22:00:08Z,0.01,42,5,256,0.01,0.001,10,0.001,0.1,64,1,Adam,100,polynomial,100,5000,5000,mse_loss,-7.026356220245361,121,7.0434103736877445,-7.042410373687744,7043.410373687744,0.001,7.0434103736877445,-7.042410373687744,7043.410373687744,0.001,1.1071272851146276e+21,7559,1.5727908244946944e+16
y78v7u26,neat-sweep-125,finished,9kyq9owq,9kyq9owq,2025-09-29T21:59:57Z,0.01,42,5,128,0.01,0.001,10,0.001,0.1,64,1,Adam,100,polynomial,100,5000,5000,mse_loss,-21.5592041015625,112,21.589603973388673,-21.588603973388672,21589.603973388672,0.001,21.589603973388673,-21.588603973388672,21589.603973388672,0.001,2.981527518867307e+22,6999,1.132347726495744e+16
f13bj63v,pretty-sweep-124,finished,9kyq9owq,9kyq9owq,2025-09-29T21:59:50Z,0.01,42,5,64,0.01,0.001,10,0.001,0.1,64,1,Adam,100,polynomial,100,5000,5000,mse_loss,10.496137619018556,115,10.497298645019532,10.498298645019531,10497.298645019531,0.001,10.497298645019532,10.498298645019531,10497.298645019531,0.001,6.077464302524349e+24,7189,8434967340122112.0
v90a4tmk,polished-sweep-123,finished,9kyq9owq,9kyq9owq,2025-09-29T21:59:25Z,0.01,42,5,256,0.01,0.001,10,0.0001,0.1,64,1,Adam,100,polynomial,100,5000,5000,mse_loss,16.438796997070312,194,16.441304342651367,16.441404342651367,164413.04342651367,0.0001,16.441304342651367,16.441404342651367,164413.04342651367,0.0001,1520370594028191500,12089,1.4705604023025664e+16
c41uuqxp,dry-sweep-122,finished,9kyq9owq,9kyq9owq,2025-09-29T21:58:52Z,0.01,42,5,128,0.01,0.001,10,0.0001,0.1,64,1,Adam,100,polynomial,100,5000,5000,mse_loss,-3.688133001327514,131,3.6903594566345217,-3.6902594566345215,36903.594566345215,0.0001,3.6903594566345217,-3.6902594566345215,36903.594566345215,0.0001,410376899692138100000,8179,1.1122001422843904e+16
l9q3gw5o,zesty-sweep-121,finished,9kyq9owq,9kyq9owq,2025-09-29T21:58:50Z,0.01,42,5,64,0.01,0.001,10,0.0001,0.1,64,1,Adam,100,polynomial,100,5000,5000,mse_loss,21.793079376220703,104,21.795090811157227,21.795190811157227,217950.90811157227,0.0001,21.795090811157227,21.795190811157227,217950.90811157227,0.0001,4.046017718211729e+26,6509,1.094490811006976e+16
6fzx6b23,warm-sweep-119,finished,9kyq9owq,9kyq9owq,2025-09-29T21:58:40Z,0.01,42,5,128,0.01,0.001,10,1.0,0.1,64,1,Adam,100,sine,100,5000,5000,mse_loss,0.9127362966537476,215,0.09329551458358765,0.9067044854164124,0.09329551458358765,1.0,0.09329551458358765,0.9067044854164124,0.09329551458358765,1.0,1.329259475824074e-06,13389,0.5093974471092224
jgzimp53,fearless-sweep-120,finished,9kyq9owq,9kyq9owq,2025-09-29T21:58:40Z,0.01,42,5,256,0.01,0.001,10,1.0,0.1,64,1,Adam,100,sine,100,5000,5000,mse_loss,0.47462332248687744,205,0.5256161689758301,0.4743838310241699,0.5256161689758301,1.0,0.5256161689758301,0.4743838310241699,0.5256161689758301,1.0,2.1881712086724295e-07,12769,0.5094406008720398
le7elx1k,absurd-sweep-118,finished,9kyq9owq,9kyq9owq,2025-09-29T21:58:30Z,0.01,42,5,64,0.01,0.001,10,1.0,0.1,64,1,Adam,100,sine,100,5000,5000,mse_loss,1.389469027519226,114,0.3873758316040039,1.387375831604004,0.3873758316040039,1.0,0.3873758316040039,1.387375831604004,0.3873758316040039,1.0,8.815227374725509e-07,7129,0.5093852877616882
5v6r2mlc,generous-sweep-117,finished,9kyq9owq,9kyq9owq,2025-09-29T21:57:55Z,0.01,42,5,256,0.01,0.001,10,0.1,0.1,64,1,Adam,100,sine,100,5000,5000,mse_loss,0.141767218708992,112,0.04382056891918182,0.14382056891918182,0.4382056891918182,0.1,0.04382056891918182,0.14382056891918182,0.4382056891918182,0.1,4.162373201666014e-08,6999,0.5093612670898438
dcdn5bsc,efficient-sweep-116,finished,9kyq9owq,9kyq9owq,2025-09-29T21:57:27Z,0.01,42,5,128,0.01,0.001,10,0.1,0.1,64,1,Adam,100,sine,100,5000,5000,mse_loss,0.06641899049282074,320,0.029524719715118417,0.07047528028488159,0.29524719715118414,0.1,0.029524719715118417,0.07047528028488159,0.29524719715118414,0.1,1.0881892720249198e-08,19899,0.5093640685081482
u6b2kacs,helpful-sweep-115,finished,9kyq9owq,9kyq9owq,2025-09-29T21:57:17Z,0.01,42,5,64,0.01,0.001,10,0.1,0.1,64,1,Adam,100,sine,100,5000,5000,mse_loss,0.12813057005405426,152,0.03130952417850494,0.13130952417850494,0.3130952417850494,0.1,0.03130952417850494,0.13130952417850494,0.3130952417850494,0.1,3.4080487694154726e-06,9479,0.5093604922294617
6tiq10ki,honest-sweep-114,finished,9kyq9owq,9kyq9owq,2025-09-29T21:56:35Z,0.01,42,5,256,0.01,0.001,10,0.01,0.1,64,1,Adam,100,sine,100,5000,5000,mse_loss,0.009124306961894035,170,0.0061072092410176994,0.0038927907589823008,0.6107209241017699,0.01,0.0061072092410176994,0.0038927907589823008,0.6107209241017699,0.01,5.088701016120467e-08,10599,0.5093621015548706
7wl3k2ng,soft-sweep-113,finished,9kyq9owq,9kyq9owq,2025-09-29T21:56:25Z,0.01,42,5,128,0.01,0.001,10,0.01,0.1,64,1,Adam,100,sine,100,5000,5000,mse_loss,-0.10175997763872148,206,0.1022011137008667,-0.0922011137008667,10.22011137008667,0.01,0.1022011137008667,-0.0922011137008667,10.22011137008667,0.01,1.0033269326470418e-08,12829,0.5093757510185242
06c3welk,solar-sweep-112,finished,9kyq9owq,9kyq9owq,2025-09-29T21:56:20Z,0.01,42,5,64,0.01,0.001,10,0.01,0.1,64,1,Adam,100,sine,100,5000,5000,mse_loss,0.006010867189615965,129,0.0032645084336400034,0.006735491566359997,0.3264508433640003,0.01,0.0032645084336400034,0.006735491566359997,0.3264508433640003,0.01,4.177566665930499e-07,8059,0.5093560218811035
1icpyvh3,hopeful-sweep-111,finished,9kyq9owq,9kyq9owq,2025-09-29T21:55:50Z,0.01,42,5,256,0.01,0.001,10,0.001,0.1,64,1,Adam,100,sine,100,5000,5000,mse_loss,0.0002187569480156526,159,0.0011352297626435756,0.0021352297626435757,1.1352297626435757,0.001,0.0011352297626435756,0.0021352297626435757,1.1352297626435757,0.001,2.0473416384447773e-07,9919,0.03920615836977959
vffpgbsa,clean-sweep-110,finished,9kyq9owq,9kyq9owq,2025-09-29T21:55:36Z,0.01,42,5,128,0.01,0.001,10,0.001,0.1,64,1,Adam,100,sine,100,5000,5000,mse_loss,0.004244694486260414,241,0.004015571739524603,-0.003015571739524603,4.015571739524603,0.001,0.004015571739524603,-0.003015571739524603,4.015571739524603,0.001,8.223686904784699e-07,14999,0.038877975195646286
ynsd8fpm,valiant-sweep-109,finished,9kyq9owq,9kyq9owq,2025-09-29T21:55:04Z,0.01,42,5,64,0.01,0.001,10,0.001,0.1,64,1,Adam,100,sine,100,5000,5000,mse_loss,0.0012667995179072022,150,0.0006154366312548518,0.0016154366312548518,0.6154366312548518,0.001,0.0006154366312548518,0.0016154366312548518,0.6154366312548518,0.001,2.3671400413149968e-06,9359,0.03636619448661804
ikb26yzk,elated-sweep-108,finished,9kyq9owq,9kyq9owq,2025-09-29T21:55:01Z,0.01,42,5,256,0.01,0.001,10,0.0001,0.1,64,1,Adam,100,sine,100,5000,5000,mse_loss,-0.0004857098392676562,173,0.0006567141437903046,0.0007567141437903047,6.567141437903046,0.0001,0.0006567141437903046,0.0007567141437903047,6.567141437903046,0.0001,1.6895653232040789e-07,10779,0.026042431592941284
2cqdzwvj,helpful-sweep-107,finished,9kyq9owq,9kyq9owq,2025-09-29T21:54:51Z,0.01,42,5,128,0.01,0.001,10,0.0001,0.1,64,1,Adam,100,sine,100,5000,5000,mse_loss,-0.0006847262848168612,179,0.0008923134835436941,-0.000792313483543694,8.92313483543694,0.0001,0.0008923134835436941,-0.000792313483543694,8.92313483543694,0.0001,1.0986408369717535e-06,11159,0.026178862899541855
ow2m1la3,stellar-sweep-106,finished,9kyq9owq,9kyq9owq,2025-09-29T21:54:50Z,0.01,42,5,64,0.01,0.001,10,0.0001,0.1,64,1,Adam,100,sine,100,5000,5000,mse_loss,0.0005592101369984448,108,0.0013523559948429465,0.0014523559948429463,13.523559948429464,0.0001,0.0013523559948429465,0.0014523559948429463,13.523559948429464,0.0001,1.7671787873041469e-06,6749,0.023853730410337448
l03hl8zl,glorious-sweep-105,finished,9kyq9owq,9kyq9owq,2025-09-29T21:54:40Z,0.01,42,5,256,0.01,0.001,10,1.0,0.1,64,1,Adam,100,linear,100,5000,5000,mse_loss,0.4783364832401275,143,0.5279571712017059,0.47204282879829407,0.5279571712017059,1.0,0.5279571712017059,0.47204282879829407,0.5279571712017059,1.0,5.001840690965764e-06,8919,5.426791667938232
8zrp97is,pretty-sweep-104,finished,9kyq9owq,9kyq9owq,2025-09-29T21:54:15Z,0.01,42,5,128,0.01,0.001,10,1.0,0.1,64,1,Adam,100,linear,100,5000,5000,mse_loss,0.9746525883674622,144,0.02258747816085815,0.9774125218391418,0.02258747816085815,1.0,0.02258747816085815,0.9774125218391418,0.02258747816085815,1.0,9.123038580582945e-06,8989,5.426735877990723
sp8yspux,prime-sweep-103,finished,9kyq9owq,9kyq9owq,2025-09-29T21:54:04Z,0.01,42,5,64,0.01,0.001,10,1.0,0.1,64,1,Adam,100,linear,100,5000,5000,mse_loss,0.4400312900543213,243,0.5582584142684937,0.44174158573150635,0.5582584142684937,1.0,0.5582584142684937,0.44174158573150635,0.5582584142684937,1.0,2.4581879642937565e-06,15119,5.426855087280273
7qj5tmlf,fresh-sweep-102,finished,9kyq9owq,9kyq9owq,2025-09-29T21:53:41Z,0.01,42,5,256,0.01,0.001,10,0.1,0.1,64,1,Adam,100,linear,100,5000,5000,mse_loss,0.10247273743152618,172,0.0057533070445060785,0.09424669295549391,0.057533070445060785,0.1,0.0057533070445060785,0.09424669295549391,0.057533070445060785,0.1,5.237005098024383e-06,10719,1.5052052736282349
j77jx9ah,ruby-sweep-101,finished,9kyq9owq,9kyq9owq,2025-09-29T21:53:10Z,0.01,42,5,128,0.01,0.001,10,0.1,0.1,64,1,Adam,100,linear,100,5000,5000,mse_loss,0.15939123928546906,126,0.04714749157428741,0.1471474915742874,0.4714749157428741,0.1,0.04714749157428741,0.1471474915742874,0.4714749157428741,0.1,8.77979175584187e-07,7869,5.4268269538879395
fgtijtwt,trim-sweep-100,finished,9kyq9owq,9kyq9owq,2025-09-29T21:52:51Z,0.01,42,5,64,0.01,0.001,10,0.1,0.1,64,1,Adam,100,linear,100,5000,5000,mse_loss,0.0065879519097507,104,0.0941153689287603,0.00588463107123971,0.9411536892876028,0.1,0.0941153689287603,0.00588463107123971,0.9411536892876028,0.1,7.198397611318796e-07,6509,5.4268693923950195
rlewqsco,earthy-sweep-99,finished,9kyq9owq,9kyq9owq,2025-09-29T21:52:44Z,0.01,42,5,256,0.01,0.001,10,0.01,0.1,64,1,Adam,100,linear,100,5000,5000,mse_loss,-0.03425506502389908,172,0.050896818041801455,-0.04089681804180145,5.089681804180145,0.01,0.050896818041801455,-0.04089681804180145,5.089681804180145,0.01,2.1553714759647846e-06,10719,0.16964733600616455
jlvnvbkn,chocolate-sweep-98,finished,9kyq9owq,9kyq9owq,2025-09-29T21:52:14Z,0.01,42,5,128,0.01,0.001,10,0.01,0.1,64,1,Adam,100,linear,100,5000,5000,mse_loss,-0.009313811548054218,302,0.006057613752782345,0.003942386247217655,0.6057613752782345,0.01,0.006057613752782345,0.003942386247217655,0.6057613752782345,0.01,3.36781113219331e-06,18779,0.16946864128112793
y6c4op6m,zany-sweep-97,finished,9kyq9owq,9kyq9owq,2025-09-29T21:52:04Z,0.01,42,5,64,0.01,0.001,10,0.01,0.1,64,1,Adam,100,linear,100,5000,5000,mse_loss,-0.013177592307329178,130,0.013690373850986362,-0.0036903738509863615,1.3690373850986362,0.01,0.013690373850986362,-0.0036903738509863615,1.3690373850986362,0.01,9.292460163123906e-05,8119,0.1727277785539627
y8ulfz4z,chocolate-sweep-96,finished,9kyq9owq,9kyq9owq,2025-09-29T21:50:45Z,0.01,42,5,256,0.01,0.001,10,0.001,0.1,64,1,Adam,100,linear,100,5000,5000,mse_loss,-0.010659630410373213,236,0.013050594203174117,-0.012050594203174114,13.050594203174114,0.001,0.013050594203174117,-0.012050594203174114,13.050594203174114,0.001,5.666933589054679e-07,14689,0.0311574786901474
c9iud86o,golden-sweep-95,finished,9kyq9owq,9kyq9owq,2025-09-29T21:50:34Z,0.01,42,5,128,0.01,0.001,10,0.001,0.1,64,1,Adam,100,linear,100,5000,5000,mse_loss,-0.0022437600418925285,104,0.004310255706310272,-0.003310255706310272,4.310255706310272,0.001,0.004310255706310272,-0.003310255706310272,4.310255706310272,0.001,7.277653253368044e-07,6509,0.029129499569535255
4d423i2s,wise-sweep-94,finished,9kyq9owq,9kyq9owq,2025-09-29T21:50:06Z,0.01,42,5,64,0.01,0.001,10,0.001,0.1,64,1,Adam,100,linear,100,5000,5000,mse_loss,0.0018274649046361449,151,0.007824525400996207,0.008824525400996208,7.824525400996207,0.001,0.007824525400996207,0.008824525400996208,7.824525400996207,0.001,4.35177753388416e-06,9419,0.028443438932299617
kvq6qevh,wandering-sweep-93,finished,9kyq9owq,9kyq9owq,2025-09-29T21:49:19Z,0.01,42,5,256,0.01,0.001,10,0.0001,0.1,64,1,Adam,100,linear,100,5000,5000,mse_loss,0.004873228259384632,298,0.0020139171440154316,0.0021139171440154314,20.13917144015431,0.0001,0.0020139171440154316,0.0021139171440154314,20.13917144015431,0.0001,4.60259066414892e-08,18529,0.02020520530641079
17rhy0ni,decent-sweep-92,finished,9kyq9owq,9kyq9owq,2025-09-29T21:48:30Z,0.01,42,5,128,0.01,0.001,10,0.0001,0.1,64,1,Adam,100,linear,100,5000,5000,mse_loss,0.00770354550331831,127,0.0022491692263633014,0.0023491692263633013,22.491692263633013,0.0001,0.0022491692263633014,0.0023491692263633013,22.491692263633013,0.0001,6.805879593230202e-07,7929,0.022245708853006363
47umixhn,exalted-sweep-91,finished,9kyq9owq,9kyq9owq,2025-09-29T21:47:55Z,0.01,42,5,64,0.01,0.001,10,0.0001,0.1,64,1,Adam,100,linear,100,5000,5000,mse_loss,0.003248591674491763,104,0.0025580211706459524,0.002658021170645952,25.58021170645952,0.0001,0.0025580211706459524,0.002658021170645952,25.58021170645952,0.0001,4.939334303344367e-06,6509,0.020475070923566815
llj5i1f7,honest-sweep-90,finished,9kyq9owq,9kyq9owq,2025-09-29T21:47:27Z,0.01,42,3,256,0.01,0.001,10,1.0,0.1,64,1,Adam,100,polynomial,100,5000,5000,mse_loss,13.770922660827637,213,12.764887809753418,13.764887809753418,12.764887809753418,1.0,12.764887809753418,13.764887809753418,12.764887809753418,1.0,3.019942210378861e+21,13259,1.1333177448595456e+16
jlocpnvc,golden-sweep-89,finished,9kyq9owq,9kyq9owq,2025-09-29T21:47:00Z,0.01,42,3,128,0.01,0.001,10,1.0,0.1,64,1,Adam,100,polynomial,100,5000,5000,mse_loss,-16.518714904785156,201,17.537139892578125,-16.537139892578125,17.537139892578125,1.0,17.537139892578125,-16.537139892578125,17.537139892578125,1.0,56288660265369600,12519,1.0813753767493632e+16
xkjen1wc,young-sweep-88,finished,9kyq9owq,9kyq9owq,2025-09-29T21:45:25Z,0.01,42,3,64,0.01,0.001,10,1.0,0.1,64,1,Adam,100,polynomial,100,5000,5000,mse_loss,10.507545471191406,147,9.522500991821287,10.522500991821287,9.522500991821287,1.0,9.522500991821287,10.522500991821287,9.522500991821287,1.0,1.2004664280854624e+21,9169,1.1482013097787392e+16
7u6jprjt,treasured-sweep-87,finished,9kyq9owq,9kyq9owq,2025-09-29T21:45:02Z,0.01,42,3,256,0.01,0.001,10,0.1,0.1,64,1,Adam,100,polynomial,100,5000,5000,mse_loss,8.638944625854492,141,8.538734817504883,8.638734817504883,85.38734817504883,0.1,8.538734817504883,8.638734817504883,85.38734817504883,0.1,3.5856478038221704e+21,8799,1.1823493062590464e+16
taa4j3wm,autumn-sweep-86,finished,9kyq9owq,9kyq9owq,2025-09-29T21:44:06Z,0.01,42,3,128,0.01,0.001,10,0.1,0.1,64,1,Adam,100,polynomial,100,5000,5000,mse_loss,9.311599731445312,125,9.21083393096924,9.310833930969238,92.10833930969238,0.1,9.21083393096924,9.310833930969238,92.10833930969238,0.1,8.317497741607151e+21,7809,1.150983052722176e+16
8larfnsy,driven-sweep-85,finished,9kyq9owq,9kyq9owq,2025-09-29T21:43:19Z,0.01,42,3,64,0.01,0.001,10,0.1,0.1,64,1,Adam,100,polynomial,100,5000,5000,mse_loss,7.447319984436035,112,7.345818901062012,7.445818901062012,73.45818901062012,0.1,7.345818901062012,7.445818901062012,73.45818901062012,0.1,9.2546863072571e+25,6999,1.1566468260954112e+16
vnqzqq3r,fragrant-sweep-84,finished,9kyq9owq,9kyq9owq,2025-09-29T21:42:27Z,0.01,42,3,256,0.01,0.001,10,0.01,0.1,64,1,Adam,100,polynomial,100,5000,5000,mse_loss,11.607132911682127,196,11.612979164123535,11.622979164123535,1161.2979164123535,0.01,11.612979164123535,11.622979164123535,1161.2979164123535,0.01,2.238611472536456e+22,12209,1.1356535628234752e+16
a2puhsyf,silvery-sweep-83,finished,9kyq9owq,9kyq9owq,2025-09-29T21:38:56Z,0.01,42,3,128,0.01,0.001,10,0.01,0.1,64,1,Adam,100,polynomial,100,5000,5000,mse_loss,11.17273998260498,168,11.166198959350586,11.176198959350586,1116.6198959350586,0.01,11.166198959350586,11.176198959350586,1116.6198959350586,0.01,436547633786136800000,10469,1.1567475430785024e+16
yxr2kdzt,different-sweep-82,finished,9kyq9owq,9kyq9owq,2025-09-29T21:38:50Z,0.01,42,3,64,0.01,0.001,10,0.01,0.1,64,1,Adam,100,polynomial,100,5000,5000,mse_loss,11.03875732421875,168,11.043563117980955,11.053563117980955,1104.3563117980957,0.01,11.043563117980955,11.053563117980955,1104.3563117980957,0.01,1.4516379495409375e+22,10469,1.162516650524672e+16
q9mtrhyn,quiet-sweep-81,finished,9kyq9owq,9kyq9owq,2025-09-29T21:38:42Z,0.01,42,3,256,0.01,0.001,10,0.001,0.1,64,1,Adam,100,polynomial,100,5000,5000,mse_loss,15.13655948638916,251,15.131678031921387,15.132678031921388,15131.678031921389,0.001,15.131678031921387,15.132678031921388,15131.678031921389,0.001,3.3732964250714023e+24,15619,1.2054229443149824e+16
oc7urx5x,driven-sweep-80,finished,9kyq9owq,9kyq9owq,2025-09-29T21:38:22Z,0.01,42,3,128,0.01,0.001,10,0.001,0.1,64,1,Adam,100,polynomial,100,5000,5000,mse_loss,10.948881149291992,152,10.9471258392334,10.948125839233398,10947.125839233398,0.001,10.9471258392334,10.948125839233398,10947.125839233398,0.001,8.378823830590928e+25,9479,1.1411472554917888e+16
u0one5w3,rose-sweep-79,finished,9kyq9owq,9kyq9owq,2025-09-29T21:37:54Z,0.01,42,3,64,0.01,0.001,10,0.001,0.1,64,1,Adam,100,polynomial,100,5000,5000,mse_loss,18.961549758911133,289,18.960387634277343,18.961387634277344,18960.387634277344,0.001,18.960387634277343,18.961387634277344,18960.387634277344,0.001,4.756847730466654e+21,17979,1.1556372940324864e+16
heizwpq3,clean-sweep-78,finished,9kyq9owq,9kyq9owq,2025-09-29T21:37:40Z,0.01,42,3,256,0.01,0.001,10,0.0001,0.1,64,1,Adam,100,polynomial,100,5000,5000,mse_loss,15.043524742126465,251,15.039550917053225,15.039650917053224,150395.50917053223,0.0001,15.039550917053225,15.039650917053224,150395.50917053223,0.0001,3.611876524857596e+24,15619,1.1950770123440128e+16
um5gpyin,valiant-sweep-77,finished,9kyq9owq,9kyq9owq,2025-09-29T21:37:37Z,0.01,42,3,128,0.01,0.001,10,0.0001,0.1,64,1,Adam,100,polynomial,100,5000,5000,mse_loss,10.452260971069336,147,10.45340742340088,10.45350742340088,104534.0742340088,0.0001,10.45340742340088,10.45350742340088,104534.0742340088,0.0001,313317114926025700000,9169,1.1438778883244032e+16
jb3kf1q5,earthy-sweep-76,finished,9kyq9owq,9kyq9owq,2025-09-29T21:37:37Z,0.01,42,3,64,0.01,0.001,10,0.0001,0.1,64,1,Adam,100,polynomial,100,5000,5000,mse_loss,14.820501327514648,226,14.823381559753418,14.823481559753418,148233.81559753418,0.0001,14.823381559753418,14.823481559753418,148233.81559753418,0.0001,1.0485120915394704e+21,14069,1.1665043129106432e+16
hgbolf61,cosmic-sweep-75,finished,9kyq9owq,9kyq9owq,2025-09-29T21:37:22Z,0.01,42,3,256,0.01,0.001,10,1.0,0.1,64,1,Adam,100,sine,100,5000,5000,mse_loss,0.8597378730773926,113,0.1431559920310974,0.8568440079689026,0.1431559920310974,1.0,0.1431559920310974,0.8568440079689026,0.1431559920310974,1.0,6.60059029655713e-08,7059,0.5094095468521118
s6lncwq1,vocal-sweep-74,finished,9kyq9owq,9kyq9owq,2025-09-29T21:37:05Z,0.01,42,3,128,0.01,0.001,10,1.0,0.1,64,1,Adam,100,sine,100,5000,5000,mse_loss,0.8951106071472168,210,0.10357528924942017,0.8964247107505798,0.10357528924942017,1.0,0.10357528924942017,0.8964247107505798,0.10357528924942017,1.0,3.0541968953912146e-07,13079,0.5093979239463806
gp3k3b55,effortless-sweep-73,finished,9kyq9owq,9kyq9owq,2025-09-29T21:37:01Z,0.01,42,3,64,0.01,0.001,10,1.0,0.1,64,1,Adam,100,sine,100,5000,5000,mse_loss,0.21162962913513184,270,0.786862850189209,0.21313714981079104,0.786862850189209,1.0,0.786862850189209,0.21313714981079104,0.786862850189209,1.0,3.264988208684372e-06,16799,0.5094660520553589
5vb3flyg,fragrant-sweep-72,finished,9kyq9owq,9kyq9owq,2025-09-29T21:36:53Z,0.01,42,3,256,0.01,0.001,10,0.1,0.1,64,1,Adam,100,sine,100,5000,5000,mse_loss,0.13459140062332153,133,0.03059516251087188,0.1305951625108719,0.3059516251087188,0.1,0.03059516251087188,0.1305951625108719,0.3059516251087188,0.1,5.795358788418525e-07,8299,0.5093478560447693
1fxfyghf,logical-sweep-71,finished,9kyq9owq,9kyq9owq,2025-09-29T21:35:43Z,0.01,42,3,128,0.01,0.001,10,0.1,0.1,64,1,Adam,100,sine,100,5000,5000,mse_loss,0.03988905996084213,229,0.05903871953487397,0.04096128046512604,0.5903871953487396,0.1,0.05903871953487397,0.04096128046512604,0.5903871953487396,0.1,1.627138743742762e-07,14259,0.5093694925308228
m94l1oga,drawn-sweep-70,finished,9kyq9owq,9kyq9owq,2025-09-29T21:35:39Z,0.01,42,3,64,0.01,0.001,10,0.1,0.1,64,1,Adam,100,sine,100,5000,5000,mse_loss,0.1412595510482788,200,0.04866739511489867,0.14866739511489868,0.4866739511489867,0.1,0.04866739511489867,0.14866739511489868,0.4866739511489867,0.1,6.466356808232376e-06,12459,0.5093570947647095
iczcascv,faithful-sweep-69,finished,9kyq9owq,9kyq9owq,2025-09-29T21:35:11Z,0.01,42,3,256,0.01,0.001,10,0.01,0.1,64,1,Adam,100,sine,100,5000,5000,mse_loss,0.015911070629954338,137,0.004958574436604976,0.014958574436604977,0.4958574436604976,0.01,0.004958574436604976,0.014958574436604977,0.4958574436604976,0.01,1.4608236824642518e-06,8549,0.17127755284309387
x7nkheie,feasible-sweep-68,finished,9kyq9owq,9kyq9owq,2025-09-29T21:35:03Z,0.01,42,3,128,0.01,0.001,10,0.01,0.1,64,1,Adam,100,sine,100,5000,5000,mse_loss,0.0032129501923918724,154,0.006443339390680194,0.003556660609319806,0.6443339390680194,0.01,0.006443339390680194,0.003556660609319806,0.6443339390680194,0.01,1.2979764960618922e-06,9609,0.16851472854614258
9tpxdqr9,dulcet-sweep-67,finished,9kyq9owq,9kyq9owq,2025-09-29T21:34:54Z,0.01,42,3,64,0.01,0.001,10,0.01,0.1,64,1,Adam,100,sine,100,5000,5000,mse_loss,0.01660255715250969,188,0.006748517267405987,0.003251482732594013,0.6748517267405987,0.01,0.006748517267405987,0.003251482732594013,0.6748517267405987,0.01,2.049679278570693e-05,11709,0.16874566674232483
10g2ynfg,deep-sweep-66,finished,9kyq9owq,9kyq9owq,2025-09-29T21:34:38Z,0.01,42,3,256,0.01,0.001,10,0.001,0.1,64,1,Adam,100,sine,100,5000,5000,mse_loss,0.00163679092656821,291,0.0023007833622395992,-0.0013007833622395992,2.3007833622395992,0.001,0.0023007833622395992,-0.0013007833622395992,2.3007833622395992,0.001,4.38299025518063e-07,18099,0.037129856646060944
duv93m53,stellar-sweep-65,finished,9kyq9owq,9kyq9owq,2025-09-29T21:34:31Z,0.01,42,3,128,0.01,0.001,10,0.001,0.1,64,1,Adam,100,sine,100,5000,5000,mse_loss,0.0022041781339794397,145,0.002495365519076586,-0.0014953655190765858,2.4953655190765858,0.001,0.002495365519076586,-0.0014953655190765858,2.4953655190765858,0.001,8.627264946881041e-07,9049,0.0374949723482132
4zbx79dm,faithful-sweep-64,finished,9kyq9owq,9kyq9owq,2025-09-29T21:34:04Z,0.01,42,3,64,0.01,0.001,10,0.001,0.1,64,1,Adam,100,sine,100,5000,5000,mse_loss,0.001815020921640098,237,0.0004282279880717397,0.0014282279880717397,0.4282279880717396,0.001,0.0004282279880717397,0.0014282279880717397,0.4282279880717396,0.001,1.0413821655674838e-05,14749,0.03565213084220886
df2dptwx,devoted-sweep-63,finished,9kyq9owq,9kyq9owq,2025-09-29T21:33:47Z,0.01,42,3,256,0.01,0.001,10,0.0001,0.1,64,1,Adam,100,sine,100,5000,5000,mse_loss,0.00018010710482485592,140,0.0007934814155101777,-0.0006934814155101776,7.934814155101776,0.0001,0.0007934814155101777,-0.0006934814155101776,7.934814155101776,0.0001,2.599604158604052e-07,8739,0.027734801173210144
dmikd4ji,denim-sweep-62,finished,9kyq9owq,9kyq9owq,2025-09-29T21:33:29Z,0.01,42,3,128,0.01,0.001,10,0.0001,0.1,64,1,Adam,100,sine,100,5000,5000,mse_loss,0.0005279144388623536,212,0.00016338588213548065,0.00026338588213548064,1.6338588213548064,0.0001,0.00016338588213548065,0.00026338588213548064,1.6338588213548064,0.0001,6.570894015567319e-07,13199,0.02725139446556568
njf1rnj2,autumn-sweep-61,finished,9kyq9owq,9kyq9owq,2025-09-29T21:33:16Z,0.01,42,3,64,0.01,0.001,10,0.0001,0.1,64,1,Adam,100,sine,100,5000,5000,mse_loss,-0.0017379813361912966,102,0.00022255326146259903,-0.00012255326146259904,2.2255326146259904,0.0001,0.00022255326146259903,-0.00012255326146259904,2.2255326146259904,0.0001,8.189582331397105e-06,6379,0.02494625374674797
ei81w94y,vague-sweep-60,finished,9kyq9owq,9kyq9owq,2025-09-29T21:33:14Z,0.01,42,3,256,0.01,0.001,10,1.0,0.1,64,1,Adam,100,linear,100,5000,5000,mse_loss,0.677370548248291,160,0.32277876138687134,0.6772212386131287,0.32277876138687134,1.0,0.32277876138687134,0.6772212386131287,0.32277876138687134,1.0,3.4951651741721435e-06,9979,5.426751613616943
953jbt7g,warm-sweep-59,finished,9kyq9owq,9kyq9owq,2025-09-29T21:33:06Z,0.01,42,3,128,0.01,0.001,10,1.0,0.1,64,1,Adam,100,linear,100,5000,5000,mse_loss,1.142338752746582,279,0.1430344581604004,1.1430344581604004,0.1430344581604004,1.0,0.1430344581604004,1.1430344581604004,0.1430344581604004,1.0,5.641453526550322e-07,17359,5.426717758178711
hvvr2lkv,mild-sweep-58,finished,9kyq9owq,9kyq9owq,2025-09-29T21:32:39Z,0.01,42,3,64,0.01,0.001,10,1.0,0.1,64,1,Adam,100,linear,100,5000,5000,mse_loss,0.738218367099762,194,0.26427561044692993,0.7357243895530701,0.26427561044692993,1.0,0.26427561044692993,0.7357243895530701,0.26427561044692993,1.0,7.511371222790331e-06,12089,5.426780700683594
s1hy4i2m,ethereal-sweep-57,finished,9kyq9owq,9kyq9owq,2025-09-29T21:32:32Z,0.01,42,3,256,0.01,0.001,10,0.1,0.1,64,1,Adam,100,linear,100,5000,5000,mse_loss,0.05727991834282875,179,0.04567526131868363,0.054324738681316376,0.4567526131868363,0.1,0.04567526131868363,0.054324738681316376,0.4567526131868363,0.1,2.2421294488594867e-05,11159,1.1811094284057615
ddgx0i0k,electric-sweep-56,finished,9kyq9owq,9kyq9owq,2025-09-29T21:32:08Z,0.01,42,3,128,0.01,0.001,10,0.1,0.1,64,1,Adam,100,linear,100,5000,5000,mse_loss,0.0329323373734951,188,0.07757411561906338,0.022425884380936623,0.7757411561906338,0.1,0.07757411561906338,0.022425884380936623,0.7757411561906338,0.1,3.661270238808356e-05,11709,1.1779292821884155
xrnelho5,laced-sweep-55,finished,9kyq9owq,9kyq9owq,2025-09-29T21:31:58Z,0.01,42,3,64,0.01,0.001,10,0.1,0.1,64,1,Adam,100,linear,100,5000,5000,mse_loss,0.07911640405654907,135,0.018066740036010748,0.08193325996398926,0.18066740036010748,0.1,0.018066740036010748,0.08193325996398926,0.18066740036010748,0.1,1.5839568732189946e-05,8429,1.1558845043182373
9vg5xoou,fluent-sweep-54,finished,9kyq9owq,9kyq9owq,2025-09-29T21:31:54Z,0.01,42,3,256,0.01,0.001,10,0.01,0.1,64,1,Adam,100,linear,100,5000,5000,mse_loss,0.03956987708806992,156,0.03157956689596176,0.04157956689596176,3.1579566895961757,0.01,0.03157956689596176,0.04157956689596176,3.1579566895961757,0.01,1.8803477814799407e-06,9729,0.1334270536899567
gx1mxu8g,lyric-sweep-53,finished,9kyq9owq,9kyq9owq,2025-09-29T21:31:27Z,0.01,42,3,128,0.01,0.001,10,0.01,0.1,64,1,Adam,100,linear,100,5000,5000,mse_loss,0.01588764786720276,163,0.006295937821269035,0.016295937821269035,0.6295937821269035,0.01,0.006295937821269035,0.016295937821269035,0.6295937821269035,0.01,2.5074975837924285e-06,10159,0.13232502341270447
virf3wcv,stellar-sweep-52,finished,9kyq9owq,9kyq9owq,2025-09-29T21:31:24Z,0.01,42,3,64,0.01,0.001,10,0.01,0.1,64,1,Adam,100,linear,100,5000,5000,mse_loss,-0.0014426889829337597,109,0.010729398045223206,-0.0007293980452232063,1.0729398045223206,0.01,0.010729398045223206,-0.0007293980452232063,1.0729398045223206,0.01,9.123717973125167e-06,6819,0.13307812809944153
dvfhulen,youthful-sweep-51,finished,9kyq9owq,9kyq9owq,2025-09-29T21:30:04Z,0.01,42,3,256,0.01,0.001,10,0.001,0.1,64,1,Adam,100,linear,100,5000,5000,mse_loss,-0.0007864413200877607,113,0.007637718994170427,-0.006637718994170427,7.637718994170427,0.001,0.007637718994170427,-0.006637718994170427,7.637718994170427,0.001,2.0530870870061338e-07,7059,0.025809986516833305
ntb5aymx,floral-sweep-50,finished,9kyq9owq,9kyq9owq,2025-09-29T21:27:43Z,0.01,42,3,128,0.01,0.001,10,0.001,0.1,64,1,Adam,100,linear,100,5000,5000,mse_loss,0.0012929417425766587,123,0.01921492798626423,-0.01821492798626423,19.21492798626423,0.001,0.01921492798626423,-0.01821492798626423,19.21492798626423,0.001,4.05049831897486e-06,7679,0.027235643938183784
7d2euxz7,dark-sweep-49,finished,9kyq9owq,9kyq9owq,2025-09-29T21:25:17Z,0.01,42,3,64,0.01,0.001,10,0.001,0.1,64,1,Adam,100,linear,100,5000,5000,mse_loss,0.033032871782779694,171,0.016941616475582122,0.017941616475582123,16.941616475582123,0.001,0.016941616475582122,0.017941616475582123,16.941616475582123,0.001,7.780983651173301e-06,10659,0.027368396520614624
n54mx2gi,fresh-sweep-48,finished,9kyq9owq,9kyq9owq,2025-09-29T21:21:49Z,0.01,42,3,256,0.01,0.001,10,0.0001,0.1,64,1,Adam,100,linear,100,5000,5000,mse_loss,-0.008856086060404778,302,0.008876405826210975,-0.008776405826210976,88.76405826210974,0.0001,0.008876405826210975,-0.008776405826210976,88.76405826210974,0.0001,1.669961420702748e-06,18779,0.02279616706073284
m6socb81,dazzling-sweep-47,finished,9kyq9owq,9kyq9owq,2025-09-29T21:19:49Z,0.01,42,3,128,0.01,0.001,10,0.0001,0.1,64,1,Adam,100,linear,100,5000,5000,mse_loss,0.004549470264464617,146,0.000757351638842374,0.0008573516388423741,7.57351638842374,0.0001,0.000757351638842374,0.0008573516388423741,7.57351638842374,0.0001,1.4056636246095875e-06,9109,0.021673336625099186
wtqd87ip,copper-sweep-46,finished,9kyq9owq,9kyq9owq,2025-09-29T21:17:53Z,0.01,42,3,64,0.01,0.001,10,0.0001,0.1,64,1,Adam,100,linear,100,5000,5000,mse_loss,0.0057747140526771545,112,0.0064541177660226825,-0.006354117766022682,64.54117766022682,0.0001,0.0064541177660226825,-0.006354117766022682,64.54117766022682,0.0001,1.9870069081662223e-05,6999,0.020494280382990837
f9wzxcgx,lilac-sweep-45,finished,9kyq9owq,9kyq9owq,2025-09-29T21:17:17Z,0.01,42,1,256,0.01,0.001,10,1.0,0.1,64,1,Adam,100,polynomial,100,5000,5000,mse_loss,31.410419464111328,180,30.42997932434082,31.42997932434082,30.42997932434082,1.0,30.42997932434082,31.42997932434082,30.42997932434082,1.0,67202979618357250,11219,2.633898357948416e+16
otuab8b7,fancy-sweep-44,finished,9kyq9owq,9kyq9owq,2025-09-29T21:17:14Z,0.01,42,1,128,0.01,0.001,10,1.0,0.1,64,1,Adam,100,polynomial,100,5000,5000,mse_loss,26.327320098876953,115,25.332876205444336,26.332876205444336,25.332876205444336,1.0,25.332876205444336,26.332876205444336,25.332876205444336,1.0,132287827395215360,7189,2.6419424021970944e+16
x81kzk8m,skilled-sweep-43,finished,9kyq9owq,9kyq9owq,2025-09-29T21:16:49Z,0.01,42,1,64,0.01,0.001,10,1.0,0.1,64,1,Adam,100,polynomial,100,5000,5000,mse_loss,102.92292785644533,393,101.95272827148438,102.95272827148438,101.95272827148438,1.0,101.95272827148438,102.95272827148438,101.95272827148438,1.0,64887738842742780,24419,2.649368830148608e+16
d9zfr4ja,northern-sweep-42,finished,9kyq9owq,9kyq9owq,2025-09-29T21:16:46Z,0.01,42,1,256,0.01,0.001,10,0.1,0.1,64,1,Adam,100,polynomial,100,5000,5000,mse_loss,30.510438919067383,180,30.429998779296874,30.529998779296875,304.2999877929687,0.1,30.429998779296874,30.529998779296875,304.2999877929687,0.1,67203044042866690,11219,2.633898357948416e+16
105pq2cm,hardy-sweep-41,finished,9kyq9owq,9kyq9owq,2025-09-29T21:16:40Z,0.01,42,1,128,0.01,0.001,10,0.1,0.1,64,1,Adam,100,polynomial,100,5000,5000,mse_loss,25.427324295043945,115,25.332880401611327,25.432880401611328,253.32880401611325,0.1,25.332880401611327,25.432880401611328,253.32880401611325,0.1,132287913294561280,7189,2.6419424021970944e+16
q7q2jmir,stilted-sweep-40,finished,9kyq9owq,9kyq9owq,2025-09-29T21:16:17Z,0.01,42,1,64,0.01,0.001,10,0.1,0.1,64,1,Adam,100,polynomial,100,5000,5000,mse_loss,102.02296447753906,393,101.95276489257812,102.05276489257812,1019.5276489257812,0.1,101.95276489257812,102.05276489257812,1019.5276489257812,0.1,64887760317579260,24419,2.649368830148608e+16
bnt77jlb,giddy-sweep-39,finished,9kyq9owq,9kyq9owq,2025-09-29T21:16:14Z,0.01,42,1,256,0.01,0.001,10,0.01,0.1,64,1,Adam,100,polynomial,100,5000,5000,mse_loss,30.420434951782227,180,30.429994812011717,30.43999481201172,3042.999481201172,0.01,30.429994812011717,30.43999481201172,3042.999481201172,0.01,67203061222735870,11219,2.633898357948416e+16
i3pkrxwy,hopeful-sweep-38,finished,9kyq9owq,9kyq9owq,2025-09-29T21:02:33Z,0.01,42,1,128,0.01,0.001,10,0.01,0.1,64,1,Adam,100,polynomial,100,5000,5000,mse_loss,25.337322235107425,115,25.332878341674803,25.342878341674805,2533.2878341674805,0.01,25.332878341674803,25.342878341674805,2533.2878341674805,0.01,132287921884495870,7189,2.6419424021970944e+16
xiaw57jn,trim-sweep-37,finished,9kyq9owq,9kyq9owq,2025-09-29T21:01:28Z,0.01,42,1,64,0.01,0.001,10,0.01,0.1,64,1,Adam,100,polynomial,100,5000,5000,mse_loss,101.93297576904295,393,101.95277618408204,101.96277618408205,10195.277618408203,0.01,101.95277618408204,101.96277618408205,10195.277618408203,0.01,64887760317579260,24419,2.649368830148608e+16
1kjpyqxf,soft-sweep-35,finished,9kyq9owq,9kyq9owq,2025-09-29T21:01:27Z,0.01,42,1,128,0.01,0.001,10,0.001,0.1,64,1,Adam,100,polynomial,100,5000,5000,mse_loss,25.32832145690918,115,25.33287756347656,25.33387756347656,25332.87756347656,0.001,25.33287756347656,25.33387756347656,25332.87756347656,0.001,132287913294561280,7189,2.6419424021970944e+16
7n6s28et,dainty-sweep-36,finished,9kyq9owq,9kyq9owq,2025-09-29T21:01:27Z,0.01,42,1,256,0.01,0.001,10,0.001,0.1,64,1,Adam,100,polynomial,100,5000,5000,mse_loss,30.411434173583984,180,30.429994033813475,30.430994033813477,30429.994033813473,0.001,30.429994033813475,30.430994033813477,30429.994033813473,0.001,67203061222735870,11219,2.633898357948416e+16
gxvjhu8s,atomic-sweep-34,finished,9kyq9owq,9kyq9owq,2025-09-29T21:01:22Z,0.01,42,1,64,0.01,0.001,10,0.001,0.1,64,1,Adam,100,polynomial,100,5000,5000,mse_loss,101.92398071289062,393,101.95278112792968,101.95378112792967,101952.78112792967,0.001,101.95278112792968,101.95378112792967,101952.78112792967,0.001,64887760317579260,24419,2.649368830148608e+16
qmqsi81q,lunar-sweep-33,finished,9kyq9owq,9kyq9owq,2025-09-29T21:01:17Z,0.01,42,1,256,0.01,0.001,10,0.0001,0.1,64,1,Adam,100,polynomial,100,5000,5000,mse_loss,30.410533905029297,180,30.42999376525879,30.43009376525879,304299.9376525879,0.0001,30.42999376525879,30.43009376525879,304299.9376525879,0.0001,67203056927768580,11219,2.633898357948416e+16
us5mmc96,rose-sweep-32,finished,9kyq9owq,9kyq9owq,2025-09-29T21:01:13Z,0.01,42,1,128,0.01,0.001,10,0.0001,0.1,64,1,Adam,100,polynomial,100,5000,5000,mse_loss,25.32741928100586,115,25.33287538757324,25.33297538757324,253328.7538757324,0.0001,25.33287538757324,25.33297538757324,253328.7538757324,0.0001,132287913294561280,7189,2.6419424021970944e+16
kjybs0wt,trim-sweep-31,finished,9kyq9owq,9kyq9owq,2025-09-29T21:00:39Z,0.01,42,1,64,0.01,0.001,10,0.0001,0.1,64,1,Adam,100,polynomial,100,5000,5000,mse_loss,101.9230728149414,393,101.95277322998048,101.95287322998048,1019527.7322998046,0.0001,101.95277322998048,101.95287322998048,1019527.7322998046,0.0001,64887760317579260,24419,2.649368830148608e+16
ljpxx4tn,trim-sweep-30,finished,9kyq9owq,9kyq9owq,2025-09-29T21:00:08Z,0.01,42,1,256,0.01,0.001,10,1.0,0.1,64,1,Adam,100,sine,100,5000,5000,mse_loss,0.801973819732666,279,0.19876062870025635,0.8012393712997437,0.19876062870025635,1.0,0.19876062870025635,0.8012393712997437,0.19876062870025635,1.0,2.1543306502280757e-05,17359,0.5093969106674194
e5ukv3n4,apricot-sweep-27,finished,9kyq9owq,9kyq9owq,2025-09-29T20:59:53Z,0.01,42,1,256,0.01,0.001,10,0.1,0.1,64,1,Adam,100,sine,100,5000,5000,mse_loss,0.09758108854293825,106,0.01807487159967422,0.11807487159967422,0.1807487159967422,0.1,0.01807487159967422,0.11807487159967422,0.1807487159967422,0.1,1.004697878670413e-05,6629,0.5020949244499207
l9qvk5oj,legendary-sweep-28,finished,9kyq9owq,9kyq9owq,2025-09-29T20:59:53Z,0.01,42,1,64,0.01,0.001,10,1.0,0.1,64,1,Adam,100,sine,100,5000,5000,mse_loss,1.1920374631881714,206,0.20058727264404297,1.200587272644043,0.20058727264404297,1.0,0.20058727264404297,1.200587272644043,0.20058727264404297,1.0,5.00978458148893e-05,12829,0.5093731880187988
q81t4vxr,stilted-sweep-29,finished,9kyq9owq,9kyq9owq,2025-09-29T20:59:53Z,0.01,42,1,128,0.01,0.001,10,1.0,0.1,64,1,Adam,100,sine,100,5000,5000,mse_loss,0.6899874210357666,141,0.3000475764274597,0.6999524235725403,0.3000475764274597,1.0,0.3000475764274597,0.6999524235725403,0.3000475764274597,1.0,9.700052942207549e-06,8799,0.5094007253646851
dofb7sfx,jolly-sweep-26,finished,9kyq9owq,9kyq9owq,2025-09-29T20:59:52Z,0.01,42,1,128,0.01,0.001,10,0.1,0.1,64,1,Adam,100,sine,100,5000,5000,mse_loss,0.0946189910173416,199,0.003895936906337744,0.09610406309366226,0.03895936906337744,0.1,0.003895936906337744,0.09610406309366226,0.03895936906337744,0.1,1.7638218196225353e-05,12399,0.5023393034934998
opd00tyt,jolly-sweep-25,finished,9kyq9owq,9kyq9owq,2025-09-29T20:59:39Z,0.01,42,1,64,0.01,0.001,10,0.1,0.1,64,1,Adam,100,sine,100,5000,5000,mse_loss,0.11935342848300934,180,0.020972745120525355,0.12097274512052536,0.20972745120525357,0.1,0.020972745120525355,0.12097274512052536,0.20972745120525357,0.1,4.556823478196747e-05,11219,0.5023632645606995
zd7ryws4,visionary-sweep-24,finished,9kyq9owq,9kyq9owq,2025-09-29T20:59:27Z,0.01,42,1,256,0.01,0.001,10,0.01,0.1,64,1,Adam,100,sine,100,5000,5000,mse_loss,0.006033602636307478,109,0.003973527569323778,0.006026472430676222,0.3973527569323778,0.01,0.003973527569323778,0.006026472430676222,0.3973527569323778,0.01,6.966265209484845e-05,6819,0.23862385749816897
i37ljbt5,stellar-sweep-23,finished,9kyq9owq,9kyq9owq,2025-09-29T20:58:43Z,0.01,42,1,128,0.01,0.001,10,0.01,0.1,64,1,Adam,100,sine,100,5000,5000,mse_loss,0.005466079339385033,155,0.003730153422802687,0.006269846577197313,0.3730153422802686,0.01,0.003730153422802687,0.006269846577197313,0.3730153422802686,0.01,0.00020728801609948275,9669,0.23842976987361908
lf2htncm,worthy-sweep-22,finished,9kyq9owq,9kyq9owq,2025-09-29T20:57:58Z,0.01,42,1,64,0.01,0.001,10,0.01,0.1,64,1,Adam,100,sine,100,5000,5000,mse_loss,0.002752435626462102,158,0.0010985785722732542,0.011098578572273254,0.1098578572273254,0.01,0.0010985785722732542,0.011098578572273254,0.1098578572273254,0.01,0.00020590799977071583,9849,0.23377618193626404
g7oqmwia,gallant-sweep-21,finished,9kyq9owq,9kyq9owq,2025-09-29T20:57:48Z,0.01,42,1,256,0.01,0.001,10,0.001,0.1,64,1,Adam,100,sine,100,5000,5000,mse_loss,0.001150241238065064,239,0.0008740006489679217,0.0018740006489679215,0.8740006489679217,0.001,0.0008740006489679217,0.0018740006489679215,0.8740006489679217,0.001,8.54248646646738e-05,14879,0.062371429055929184
aale26ft,fanciful-sweep-20,finished,9kyq9owq,9kyq9owq,2025-09-29T20:57:32Z,0.01,42,1,128,0.01,0.001,10,0.001,0.1,64,1,Adam,100,sine,100,5000,5000,mse_loss,-0.001002910430543125,163,0.001210159320384264,0.002210159320384264,1.210159320384264,0.001,0.001210159320384264,0.002210159320384264,1.210159320384264,0.001,6.866570038255304e-05,10159,0.062345054000616074
2znouhe0,desert-sweep-19,finished,9kyq9owq,9kyq9owq,2025-09-29T20:57:18Z,0.01,42,1,64,0.01,0.001,10,0.001,0.1,64,1,Adam,100,sine,100,5000,5000,mse_loss,-0.0004146383434999734,102,0.0002280101655051112,0.0012280101655051112,0.2280101655051112,0.001,0.0002280101655051112,0.0012280101655051112,0.2280101655051112,0.001,0.00021269115677569064,6379,0.062436606734991074
7kr3fv3l,zany-sweep-17,finished,9kyq9owq,9kyq9owq,2025-09-29T20:57:07Z,0.01,42,1,128,0.01,0.001,10,0.0001,0.1,64,1,Adam,100,sine,100,5000,5000,mse_loss,0.0002524207520764321,104,0.0008086442296393215,0.0009086442296393216,8.086442296393216,0.0001,0.0008086442296393215,0.0009086442296393216,8.086442296393216,0.0001,1.2528904335340483e-05,6509,0.02892949990928173
d3p5jf9g,comfy-sweep-18,finished,9kyq9owq,9kyq9owq,2025-09-29T20:57:07Z,0.01,42,1,256,0.01,0.001,10,0.0001,0.1,64,1,Adam,100,sine,100,5000,5000,mse_loss,-9.303226397605612e-05,120,3.75772022176534e-05,6.24227977823466e-05,0.375772022176534,0.0001,3.75772022176534e-05,6.24227977823466e-05,0.375772022176534,0.0001,1.1230206837353762e-05,7499,0.028731610625982285
f7zzskwp,sparkling-sweep-16,finished,9kyq9owq,9kyq9owq,2025-09-29T20:56:48Z,0.01,42,1,64,0.01,0.001,10,0.0001,0.1,64,1,Adam,100,sine,100,5000,5000,mse_loss,0.0016098517226055264,148,0.0006771089345216752,-0.0005771089345216751,6.771089345216751,0.0001,0.0006771089345216752,-0.0005771089345216751,6.771089345216751,0.0001,0.0001755567209329456,9229,0.02754899114370346
l5kippml,lilac-sweep-15,finished,9kyq9owq,9kyq9owq,2025-09-29T20:56:38Z,0.01,42,1,256,0.01,0.001,10,1.0,0.1,64,1,Adam,100,linear,100,5000,5000,mse_loss,1.0132744312286377,253,0.006698012351989746,1.0066980123519895,0.006698012351989746,1.0,0.006698012351989746,1.0066980123519895,0.006698012351989746,1.0,0.0003773184726014734,15739,5.044151306152344
yi3lkn1o,super-sweep-14,finished,9kyq9owq,9kyq9owq,2025-09-29T20:56:18Z,0.01,42,1,128,0.01,0.001,10,1.0,0.1,64,1,Adam,100,linear,100,5000,5000,mse_loss,1.015856146812439,117,0.02019333839416504,1.020193338394165,0.02019333839416504,1.0,0.02019333839416504,1.020193338394165,0.02019333839416504,1.0,0.0008081388077698648,7309,5.043128490447998
60asmxvj,smart-sweep-13,finished,9kyq9owq,9kyq9owq,2025-09-29T20:55:57Z,0.01,42,1,64,0.01,0.001,10,1.0,0.1,64,1,Adam,100,linear,100,5000,5000,mse_loss,0.9733997583389282,133,0.014375448226928713,0.9856245517730712,0.014375448226928713,1.0,0.014375448226928713,0.9856245517730712,0.014375448226928713,1.0,0.0023091034963726997,8299,5.0394511222839355
c9qudxhd,clear-sweep-12,finished,9kyq9owq,9kyq9owq,2025-09-29T20:55:53Z,0.01,42,1,256,0.01,0.001,10,0.1,0.1,64,1,Adam,100,linear,100,5000,5000,mse_loss,0.1305597871541977,119,0.03060913980007171,0.13060913980007172,0.3060913980007171,0.1,0.03060913980007171,0.13060913980007172,0.3060913980007171,0.1,7.103260577423498e-05,7439,0.8744097948074341
inw2k58z,lilac-sweep-11,finished,9kyq9owq,9kyq9owq,2025-09-29T20:55:48Z,0.01,42,1,128,0.01,0.001,10,0.1,0.1,64,1,Adam,100,linear,100,5000,5000,mse_loss,0.14679333567619324,278,0.03626983761787414,0.13626983761787417,0.3626983761787414,0.1,0.03626983761787414,0.13626983761787417,0.3626983761787414,0.1,0.00015466353215742856,17289,0.8681423664093018
lz675avz,confused-sweep-10,finished,9kyq9owq,9kyq9owq,2025-09-29T20:55:43Z,0.01,42,1,64,0.01,0.001,10,0.1,0.1,64,1,Adam,100,linear,100,5000,5000,mse_loss,0.11754649132490158,117,0.018637785315513605,0.1186377853155136,0.18637785315513605,0.1,0.018637785315513605,0.1186377853155136,0.18637785315513605,0.1,0.00033469361369498074,7309,0.8678269386291504
gvtx285n,lilac-sweep-9,finished,9kyq9owq,9kyq9owq,2025-09-29T20:55:37Z,0.01,42,1,256,0.01,0.001,10,0.01,0.1,64,1,Adam,100,linear,100,5000,5000,mse_loss,0.004014808218926191,104,0.008417811933904886,0.0015821880660951138,0.8417811933904886,0.01,0.008417811933904886,0.0015821880660951138,0.8417811933904886,0.01,1.058700854628114e-05,6509,0.1080530807375908
83dvskww,lively-sweep-6,finished,9kyq9owq,9kyq9owq,2025-09-29T20:54:08Z,0.01,42,1,256,0.01,0.001,10,0.001,0.1,64,1,Adam,100,linear,100,5000,5000,mse_loss,-0.0012143170461058617,104,0.0024561612624675036,-0.0014561612624675035,2.4561612624675035,0.001,0.0024561612624675036,-0.0014561612624675035,2.4561612624675035,0.001,1.3300712453201411e-05,6509,0.02316008135676384
a4ws0pq0,fallen-sweep-4,finished,9kyq9owq,9kyq9owq,2025-09-29T20:54:08Z,0.01,42,1,64,0.01,0.001,10,0.001,0.1,64,1,Adam,100,linear,100,5000,5000,mse_loss,-0.0020372169092297554,342,0.0018343206718564032,-0.0008343206718564034,1.8343206718564031,0.001,0.0018343206718564032,-0.0008343206718564034,1.8343206718564031,0.001,4.5468190364772454e-05,21259,0.02294936589896679
emsc2ic8,driven-sweep-3,finished,9kyq9owq,9kyq9owq,2025-09-29T20:54:08Z,0.01,42,1,256,0.01,0.001,10,0.0001,0.1,64,1,Adam,100,linear,100,5000,5000,mse_loss,0.003499082056805491,190,0.0014875109238550066,0.0015875109238550067,14.875109238550063,0.0001,0.0014875109238550066,0.0015875109238550067,14.875109238550063,0.0001,3.202302877980401e-06,11839,0.01817435771226883
g11wc1a5,stellar-sweep-2,finished,9kyq9owq,9kyq9owq,2025-09-29T20:54:08Z,0.01,42,1,128,0.01,0.001,10,0.0001,0.1,64,1,Adam,100,linear,100,5000,5000,mse_loss,-0.004628339316695929,115,0.00275237083658576,-0.00265237083658576,27.5237083658576,0.0001,0.00275237083658576,-0.00265237083658576,27.5237083658576,0.0001,5.475575107993791e-06,7189,0.016457688063383102
gvp8ys3p,pious-sweep-5,finished,9kyq9owq,9kyq9owq,2025-09-29T20:54:08Z,0.01,42,1,128,0.01,0.001,10,0.001,0.1,64,1,Adam,100,linear,100,5000,5000,mse_loss,0.014509668573737144,103,0.008414664469659328,0.009414664469659328,8.414664469659327,0.001,0.008414664469659328,0.009414664469659328,8.414664469659327,0.001,1.2813243301934564e-05,6439,0.023027172312140465
i23wy0mw,dulcet-sweep-8,finished,9kyq9owq,9kyq9owq,2025-09-29T20:54:08Z,0.01,42,1,128,0.01,0.001,10,0.01,0.1,64,1,Adam,100,linear,100,5000,5000,mse_loss,0.010474395006895064,114,7.994264364242533e-05,0.010079942643642426,0.007994264364242533,0.01,7.994264364242533e-05,0.010079942643642426,0.007994264364242533,0.01,2.706985469558276e-05,7129,0.10801903903484344
jhh9grmm,wise-sweep-7,finished,9kyq9owq,9kyq9owq,2025-09-29T20:54:08Z,0.01,42,1,64,0.01,0.001,10,0.01,0.1,64,1,Adam,100,linear,100,5000,5000,mse_loss,0.010783065110445024,203,0.004436404220759868,0.014436404220759869,0.4436404220759868,0.01,0.004436404220759868,0.014436404220759869,0.4436404220759868,0.01,4.507871562964283e-05,12639,0.10784560441970824
l7wudar8,rural-sweep-1,finished,9kyq9owq,9kyq9owq,2025-09-29T20:54:07Z,0.01,42,1,64,0.01,0.001,10,0.0001,0.1,64,1,Adam,100,linear,100,5000,5000,mse_loss,0.001334385247901082,140,0.002141500420495868,0.0022415004204958677,21.415004204958677,0.0001,0.002141500420495868,0.0022415004204958677,21.415004204958677,0.0001,9.910324479278644e-06,8739,0.01446135900914669
