id,state,name,_runtime,_step,_timestamp,_wandb,bias/theta_1,bias/theta_2,epoch,train/loss,trainer/global_step,val/loss,l1,l2,lr,smooth,l1_lambda,l1_smooth,l2_lambda,in_features,out_features,optimizer_cls,hidden_features,grad_match_loss_fn
7op1ddq9,finished,lively-sweep-180,78.78622508049011,454,1755902262.7602072,{'runtime': 79},-7.549460887908936,-7.126254081726074,153,0.0004211617633700371,19249,146.9039306640625,10.0,10.0,0.01,1e-06,10.0,1e-06,10.0,10,1,Adam,200,mse_loss
v0sdftl6,finished,true-sweep-179,79.04697775840759,454,1755902242.8819497,{'runtime': 79},-7.541226863861084,-7.17948055267334,153,0.0004214422369841486,19249,146.8121795654297,10.0,10.0,0.01,1e-05,10.0,1e-05,10.0,10,1,Adam,200,mse_loss
ny5mtag3,finished,logical-sweep-178,80.34692811965942,454,1755902227.4084492,{'runtime': 80},-7.946488857269287,-6.62309455871582,153,0.00042019650572910905,19249,144.21511840820312,10.0,10.0,0.01,0.0001,10.0,0.0001,10.0,10,1,Adam,200,mse_loss
8f6uz2ys,finished,snowy-sweep-177,34.91637396812439,221,1755902176.73826,{'runtime': 35},-0.22000180184841156,-0.21824748814105988,60,0.00020640206639654937,7599,144.11380004882812,10.0,10.0,0.01,0.001,10.0,0.001,10.0,10,1,Adam,200,mse_loss
u3th91c6,finished,electric-sweep-176,58.302746057510376,344,1755902186.307667,{'runtime': 59},-4.971654891967773,-4.9072465896606445,109,0.01781526207923889,13749,144.11424255371094,10.0,10.0,0.01,0.01,10.0,0.01,10.0,10,1,Adam,200,mse_loss
hvua9f7o,finished,hopeful-sweep-175,78.13130140304565,454,1755902199.5200334,{'runtime': 78},-7.435127258300781,-7.080948352813721,153,0.0004202387644909322,19249,146.97506713867188,10.0,1.0,0.01,1e-06,10.0,1e-06,1.0,10,1,Adam,200,mse_loss
kf2arfe2,finished,fancy-sweep-174,77.21184778213501,454,1755902180.5131247,{'runtime': 77},-7.547519683837891,-7.173990726470947,153,0.0004216143279336393,19249,146.7372283935547,10.0,1.0,0.01,1e-05,10.0,1e-05,1.0,10,1,Adam,200,mse_loss
xyeax8m1,finished,devoted-sweep-173,79.9001533985138,454,1755902163.105415,{'runtime': 80},-6.6427531242370605,-5.40596342086792,153,0.00041840309859253466,19249,144.20535278320312,10.0,1.0,0.01,0.0001,10.0,0.0001,1.0,10,1,Adam,200,mse_loss
spm57ifm,finished,ancient-sweep-172,35.2144889831543,221,1755902118.424031,{'runtime': 35},-0.29565510153770447,-0.2934955358505249,60,0.00019971061556134373,7599,144.1138153076172,10.0,1.0,0.01,0.001,10.0,0.001,1.0,10,1,Adam,200,mse_loss
pof7p6ik,finished,valiant-sweep-171,59.44267654418945,344,1755902127.2692285,{'runtime': 60},-4.9615983963012695,-4.897066116333008,109,0.01781509816646576,13749,144.1142120361328,10.0,1.0,0.01,0.01,10.0,0.01,1.0,10,1,Adam,200,mse_loss
tkee4bw8,finished,ruby-sweep-170,79.82523560523987,454,1755902139.8236775,{'runtime': 80},-7.455188751220703,-7.151472568511963,153,0.0004206268349662423,19249,146.9868621826172,10.0,0.1,0.01,1e-06,10.0,1e-06,0.1,10,1,Adam,200,mse_loss
obi09ala,finished,major-sweep-169,78.97621321678162,454,1755902107.2412562,{'runtime': 79},-7.450042247772217,-7.121428489685059,153,0.00042059962288476527,19249,146.7396240234375,10.0,0.1,0.01,1e-05,10.0,1e-05,0.1,10,1,Adam,200,mse_loss
pntui8nq,finished,mild-sweep-168,78.17598152160645,454,1755902099.3121357,{'runtime': 78},-7.924530506134033,-6.666970252990723,153,0.000420243974076584,19249,144.21450805664062,10.0,0.1,0.01,0.0001,10.0,0.0001,0.1,10,1,Adam,200,mse_loss
jboj7wp6,finished,dandy-sweep-167,36.1346001625061,221,1755902044.8675492,{'runtime': 36},-0.6168095469474792,-0.6132038831710815,60,0.00017375696916133163,7599,144.1139678955078,10.0,0.1,0.01,0.001,10.0,0.001,0.1,10,1,Adam,200,mse_loss
5vm36hci,finished,young-sweep-166,58.58744835853577,344,1755902062.3183117,{'runtime': 59},-4.957996368408203,-4.893599033355713,109,0.01781509257853031,13749,144.11419677734375,10.0,0.1,0.01,0.01,10.0,0.01,0.1,10,1,Adam,200,mse_loss
asl7dq4u,finished,helpful-sweep-165,77.47962546348572,454,1755902081.2357175,{'runtime': 78},-7.554697513580322,-7.300408363342285,153,0.0004218138928990811,19249,146.8756103515625,10.0,0.01,0.01,1e-06,10.0,1e-06,0.01,10,1,Adam,200,mse_loss
wzdiybq3,finished,twilight-sweep-164,79.54855275154114,454,1755902064.5765998,{'runtime': 80},-7.457828998565674,-7.081108570098877,153,0.0004202546551823616,19249,146.6371612548828,10.0,0.01,0.01,1e-05,10.0,1e-05,0.01,10,1,Adam,200,mse_loss
m8swzbco,finished,hopeful-sweep-163,79.75355982780457,454,1755902038.405176,{'runtime': 80},-7.8218092918396,-6.375184059143066,153,0.00041995913488790393,19249,144.21522521972656,10.0,0.01,0.01,0.0001,10.0,0.0001,0.01,10,1,Adam,200,mse_loss
zi3o88kk,finished,jolly-sweep-162,36.31954836845398,221,1755901986.5542824,{'runtime': 37},-0.24703723192214969,-0.24514828622341156,60,0.0002045014698524028,7599,144.11380004882812,10.0,0.01,0.01,0.001,10.0,0.001,0.01,10,1,Adam,200,mse_loss
fss5h6kh,finished,stellar-sweep-161,58.38410019874573,344,1755902008.4961162,{'runtime': 59},-4.958484649658203,-4.894064903259277,109,0.017815090715885162,13749,144.11419677734375,10.0,0.01,0.01,0.01,10.0,0.01,0.01,10,1,Adam,200,mse_loss
3mgvgceb,finished,desert-sweep-160,78.29445481300354,454,1755902000.4199247,{'runtime': 78},-7.559654712677002,-7.179261684417725,153,0.0004214176151435822,19249,146.89064025878906,10.0,0.001,0.01,1e-06,10.0,1e-06,0.001,10,1,Adam,200,mse_loss
9ey4gsfq,finished,golden-sweep-159,77.64272928237915,454,1755901981.8332634,{'runtime': 78},-7.538448333740234,-7.1182780265808105,153,0.00042135664261877537,19249,146.63270568847656,10.0,0.001,0.01,1e-05,10.0,1e-05,0.001,10,1,Adam,200,mse_loss
4j4r2jbr,finished,leafy-sweep-158,78.79503631591797,454,1755901982.9628644,{'runtime': 79},-7.944304943084717,-6.792670726776123,153,0.0004203391436021775,19249,144.20655822753906,10.0,0.001,0.01,0.0001,10.0,0.0001,0.001,10,1,Adam,200,mse_loss
1eacpp3i,finished,rosy-sweep-157,35.926496744155884,221,1755901927.373768,{'runtime': 36},-0.6004645824432373,-0.5968888401985168,60,0.0001748962240526453,7599,144.11395263671875,10.0,0.001,0.01,0.001,10.0,0.001,0.001,10,1,Adam,200,mse_loss
40z5222d,finished,vital-sweep-156,58.74625945091248,344,1755901938.4089034,{'runtime': 59},-4.958188056945801,-4.893773078918457,109,0.01781509257853031,13749,144.11419677734375,10.0,0.001,0.01,0.01,10.0,0.01,0.001,10,1,Adam,200,mse_loss
qlrak1j1,finished,dry-sweep-155,79.52524089813232,454,1755901959.189226,{'runtime': 80},-7.465380668640137,-7.132436752319336,153,0.00042025846778415143,19249,146.88925170898438,10.0,0.0001,0.01,1e-06,10.0,1e-06,0.0001,10,1,Adam,200,mse_loss
0hgp9i7c,finished,devout-sweep-154,78.6534161567688,454,1755901929.650907,{'runtime': 79},-7.558153629302979,-7.226556777954102,153,0.0004216027446091175,19249,146.68304443359375,10.0,0.0001,0.01,1e-05,10.0,1e-05,0.0001,10,1,Adam,200,mse_loss
vsmgffg7,finished,elated-sweep-153,78.19873595237732,454,1755901898.973099,{'runtime': 78},-7.807687759399414,-6.3326497077941895,153,0.0004199116083327681,19249,144.20741271972656,10.0,0.0001,0.01,0.0001,10.0,0.0001,0.0001,10,1,Adam,200,mse_loss
1inzlyra,finished,vibrant-sweep-152,35.8112587928772,221,1755901856.6066818,{'runtime': 36},-0.22788506746292111,-0.2261003404855728,60,0.00020642300660256296,7599,144.11378479003906,10.0,0.0001,0.01,0.001,10.0,0.001,0.0001,10,1,Adam,200,mse_loss
rrc2b7fo,finished,copper-sweep-151,59.51343297958374,344,1755901865.515631,{'runtime': 60},-4.9579758644104,-4.893571853637695,109,0.01781509257853031,13749,144.11419677734375,10.0,0.0001,0.01,0.01,10.0,0.01,0.0001,10,1,Adam,200,mse_loss
he1piou4,finished,wild-sweep-150,78.33083248138428,454,1755901881.6552143,{'runtime': 78},-7.575865268707275,-7.587072849273682,153,0.00042309731361456215,19249,144.35964965820312,1.0,10.0,0.01,1e-06,1.0,1e-06,10.0,10,1,Adam,200,mse_loss
36cox81l,finished,unique-sweep-149,77.33023571968079,454,1755901880.5505495,{'runtime': 77},-7.560140609741211,-7.534173488616943,153,0.00042271692655049264,19249,144.3378143310547,1.0,10.0,0.01,1e-05,1.0,1e-05,10.0,10,1,Adam,200,mse_loss
ry8w1t6k,finished,copper-sweep-148,58.97088313102722,344,1755901858.924934,{'runtime': 59},-6.429904937744141,-6.382203578948975,109,0.017816638574004173,13749,144.11895751953125,1.0,10.0,0.01,0.0001,1.0,0.0001,10.0,10,1,Adam,200,mse_loss
zf93qplq,finished,restful-sweep-147,58.19112730026245,344,1755901828.8327322,{'runtime': 58},-5.703073024749756,-5.541535377502441,109,0.017823750153183937,13749,144.11387634277344,1.0,10.0,0.01,0.001,1.0,0.001,10.0,10,1,Adam,200,mse_loss
qpgxe04f,finished,stilted-sweep-146,34.697842836380005,221,1755901797.3897707,{'runtime': 35},-0.14459048211574554,-0.1444501280784607,60,0.0002060445985989645,7599,144.1138458251953,1.0,10.0,0.01,0.01,1.0,0.01,10.0,10,1,Adam,200,mse_loss
abcvzskg,finished,lucky-sweep-145,43.85055160522461,293,1755901799.9581983,{'runtime': 44},-4.716529846191406,0.36399978399276733,65,0.017915356904268265,8249,97.50576782226562,1.0,1.0,0.01,1e-06,1.0,1e-06,1.0,10,1,Adam,200,mse_loss
0tlquin4,finished,icy-sweep-144,44.213842153549194,293,1755901785.6573012,{'runtime': 44},-4.7168989181518555,0.3639265298843384,65,0.017911914736032486,8249,97.51690673828124,1.0,1.0,0.01,1e-05,1.0,1e-05,1.0,10,1,Adam,200,mse_loss
r4f8lset,finished,glad-sweep-143,39.87692999839783,273,1755901781.318344,{'runtime': 40},-4.038418292999268,0.31486818194389343,57,0.02400599978864193,7249,97.28033447265624,1.0,1.0,0.01,0.0001,1.0,0.0001,1.0,10,1,Adam,200,mse_loss
49dltgpl,finished,colorful-sweep-142,39.192760944366455,273,1755901751.228996,{'runtime': 39},-0.560373067855835,0.18217208981513977,57,0.02423001267015934,7249,97.26422119140624,1.0,1.0,0.01,0.001,1.0,0.001,1.0,10,1,Adam,200,mse_loss
x39qnujz,finished,celestial-sweep-141,42.29389309883118,319,1755901741.195836,{'runtime': 43},-0.0009628599509596824,0.05459586903452873,53,0.03128804266452789,6749,61.21646881103515,1.0,1.0,0.01,0.01,1.0,0.01,1.0,10,1,Adam,200,mse_loss
jsbvwgim,finished,lunar-sweep-140,104.61213564872742,841,1755901782.2730436,{'runtime': 105},-5.156118392944336,-1.1316142082214355,123,0.013169866055250168,15499,28.438777923583984,1.0,0.1,0.01,1e-06,1.0,1e-06,0.1,10,1,Adam,200,mse_loss
sjdq95qa,finished,woven-sweep-139,106.22089099884032,840,1755901781.058935,{'runtime': 106},-5.137852668762207,-1.1399093866348269,120,0.018717007711529732,15099,28.441370010375977,1.0,0.1,0.01,1e-05,1.0,1e-05,0.1,10,1,Adam,200,mse_loss
q2knpqag,finished,glorious-sweep-138,82.88360810279846,676,1755901734.4409,{'runtime': 83},-2.47168493270874,-1.1722407341003418,81,0.0276264064013958,10249,28.21662139892578,1.0,0.1,0.01,0.0001,1.0,0.0001,0.1,10,1,Adam,200,mse_loss
7bqa0ge0,finished,magic-sweep-137,85.8040919303894,648,1755901718.4600198,{'runtime': 86},-0.12032221257686616,-1.9744722843170168,102,0.010752224363386633,12849,28.193408966064453,1.0,0.1,0.01,0.001,1.0,0.001,0.1,10,1,Adam,200,mse_loss
an2paovm,finished,worldly-sweep-136,84.92304801940918,648,1755901717.591607,{'runtime': 85},0.004812253639101982,-2.1892833709716797,102,0.010630075819790363,12849,28.085805892944336,1.0,0.1,0.01,0.01,1.0,0.01,0.1,10,1,Adam,200,mse_loss
q0cuqhtj,finished,solar-sweep-135,80.96179056167603,676,1755901674.202849,{'runtime': 81},-4.696896076202393,-1.636410117149353,81,0.016776593402028084,10249,23.496196746826172,1.0,0.01,0.01,1e-06,1.0,1e-06,0.01,10,1,Adam,200,mse_loss
leidfcxq,finished,valiant-sweep-134,79.93100881576538,676,1755901657.9341989,{'runtime': 80},-4.697488784790039,-1.635997295379639,81,0.016772862523794174,10249,23.491140365600582,1.0,0.01,0.01,1e-05,1.0,1e-05,0.01,10,1,Adam,200,mse_loss
wr1wgcwp,finished,wise-sweep-133,112.14567279815674,803,1755901688.547093,{'runtime': 112},-2.5158040523529053,-1.7216509580612185,164,0.04633881151676178,20599,23.29047203063965,1.0,0.01,0.01,0.0001,1.0,0.0001,0.01,10,1,Adam,200,mse_loss
7rbvqcqx,finished,soft-sweep-132,75.73686623573303,603,1755901651.1052542,{'runtime': 76},-0.1365772932767868,-3.139975309371948,84,0.022522807121276855,10599,23.27020263671875,1.0,0.01,0.01,0.001,1.0,0.001,0.01,10,1,Adam,200,mse_loss
y83dc85r,finished,unique-sweep-131,76.78822779655457,603,1755901629.5585177,{'runtime': 77},-0.009615330956876278,-3.8126492500305176,84,0.021991023793816566,10599,23.16056251525879,1.0,0.01,0.01,0.01,1.0,0.01,0.01,10,1,Adam,200,mse_loss
ggd46f1d,finished,driven-sweep-130,82.42870950698853,680,1755901609.5867565,{'runtime': 82},-4.701084136962891,-1.7236120700836182,81,0.007512630894780159,10249,22.903032302856445,1.0,0.001,0.01,1e-06,1.0,1e-06,0.001,10,1,Adam,200,mse_loss
4lcshovp,finished,still-sweep-129,115.0182375907898,803,1755901611.885681,{'runtime': 115},-5.024088382720947,-1.7274707555770874,164,0.04600631445646286,20599,22.929311752319336,1.0,0.001,0.01,1e-05,1.0,1e-05,0.001,10,1,Adam,200,mse_loss
x579te6w,finished,classic-sweep-128,81.89826941490173,680,1755901569.8097544,{'runtime': 82},-2.2954304218292236,-1.8141930103302,81,0.008080280385911465,10249,22.687366485595703,1.0,0.001,0.01,0.0001,1.0,0.0001,0.001,10,1,Adam,200,mse_loss
tpvql0a1,finished,fallen-sweep-127,74.06362962722778,637,1755901556.6657066,{'runtime': 74},-0.07824984937906265,-3.989682674407959,64,0.00722669530659914,8099,22.668033599853516,1.0,0.001,0.01,0.001,1.0,0.001,0.001,10,1,Adam,200,mse_loss
5x9ot2e2,finished,eternal-sweep-126,73.87758898735046,637,1755901554.642969,{'runtime': 74},0.009416728280484676,-4.564600944519043,64,0.0068421815522015095,8099,22.559349060058594,1.0,0.001,0.01,0.01,1.0,0.01,0.001,10,1,Adam,200,mse_loss
5m58v8rs,finished,fearless-sweep-125,83.12606358528137,680,1755901529.0117755,{'runtime': 83},-4.699583053588867,-1.7327823638916016,81,0.007517644204199314,10249,22.843265533447266,1.0,0.0001,0.01,1e-06,1.0,1e-06,0.0001,10,1,Adam,200,mse_loss
do11iqvp,finished,woven-sweep-124,110.86546063423155,803,1755901555.6338875,{'runtime': 111},-5.02274751663208,-1.7354625463485718,164,0.04585020989179611,20599,22.873512268066406,1.0,0.0001,0.01,1e-05,1.0,1e-05,0.0001,10,1,Adam,200,mse_loss
i0mwa5k1,finished,worthy-sweep-123,82.12730598449707,680,1755901505.100684,{'runtime': 82},-2.382079601287842,-1.81471848487854,81,0.00800243765115738,10249,22.627700805664062,1.0,0.0001,0.01,0.0001,1.0,0.0001,0.0001,10,1,Adam,200,mse_loss
evrq4fr1,finished,lyric-sweep-122,75.45243573188782,637,1755901476.7284558,{'runtime': 76},-0.07905206829309464,-4.014316082000732,64,0.00724010169506073,8099,22.607418060302734,1.0,0.0001,0.01,0.001,1.0,0.001,0.0001,10,1,Adam,200,mse_loss
7xmvzz9n,finished,sleek-sweep-121,73.15246272087097,637,1755901467.5781958,{'runtime': 73},0.009730891324579716,-4.592784881591797,64,0.006855746731162071,8099,22.499080657958984,1.0,0.0001,0.01,0.01,1.0,0.01,0.0001,10,1,Adam,200,mse_loss
clg63atr,finished,comic-sweep-120,78.9057388305664,454,1755901461.1681588,{'runtime': 79},-7.501064300537109,0.21106956899166107,153,0.0003934848355129361,19249,144.1270751953125,0.1,10.0,0.01,1e-06,0.1,1e-06,10.0,10,1,Adam,200,mse_loss
bjf7b2ta,finished,firm-sweep-119,78.48882937431335,454,1755901459.4563785,{'runtime': 79},-7.591907978057861,1.2114787101745603,153,0.0003692235623020679,19249,144.1223602294922,0.1,10.0,0.01,1e-05,0.1,1e-05,10.0,10,1,Adam,200,mse_loss
bf8fctti,finished,dashing-sweep-118,57.11922597885132,344,1755901421.367441,{'runtime': 57},-5.5367512702941895,2.302485704421997,109,0.016927538439631462,13749,144.11526489257812,0.1,10.0,0.01,0.0001,0.1,0.0001,10.0,10,1,Adam,200,mse_loss
td5jvyss,finished,eager-sweep-117,59.3613395690918,344,1755901422.4945676,{'runtime': 60},-1.752005696296692,-1.7510231733322144,109,0.0167754665017128,13749,144.11505126953125,0.1,10.0,0.01,0.001,0.1,0.001,10.0,10,1,Adam,200,mse_loss
bqm80yl2,finished,quiet-sweep-116,58.71549725532532,344,1755901401.792143,{'runtime': 59},-1.586795210838318,-1.586062788963318,109,0.016775596886873245,13749,144.1149139404297,0.1,10.0,0.01,0.01,0.1,0.01,10.0,10,1,Adam,200,mse_loss
k6jy6wby,finished,magic-sweep-115,71.78591346740723,559,1755901378.8465185,{'runtime': 72},-5.073427677154541,0.05876678600907326,79,0.027937041595578194,9999,44.012638092041016,0.1,1.0,0.01,1e-06,0.1,1e-06,1.0,10,1,Adam,200,mse_loss
hc56iv27,finished,sunny-sweep-114,70.14478492736816,559,1755901373.793295,{'runtime': 70},-5.073995113372803,0.05872781574726105,79,0.02793843299150467,9999,44.00831985473633,0.1,1.0,0.01,1e-05,0.1,1e-05,1.0,10,1,Adam,200,mse_loss
7eo6cfkv,finished,pious-sweep-113,60.914535999298096,509,1755901358.522283,{'runtime': 61},-3.656086683273315,0.11241967976093292,59,0.13096630573272705,7499,43.985225677490234,0.1,1.0,0.01,0.0001,0.1,0.0001,1.0,10,1,Adam,200,mse_loss
1f8kzot6,finished,summer-sweep-112,60.82302141189575,509,1755901357.6107664,{'runtime': 61},-2.353062391281128,0.0651112049818039,59,0.13083936274051666,7499,43.974796295166016,0.1,1.0,0.01,0.001,0.1,0.001,1.0,10,1,Adam,200,mse_loss
rvyqfgu8,finished,dutiful-sweep-111,62.24893045425415,509,1755901340.1876955,{'runtime': 62},-2.3361799716949463,0.06680270284414291,59,0.1325981318950653,7499,44.067161560058594,0.1,1.0,0.01,0.01,0.1,0.01,1.0,10,1,Adam,200,mse_loss
dq96g575,finished,avid-sweep-110,121.8447892665863,1026,1755901342.4215152,{'runtime': 122},-6.63344669342041,-1.9628595113754272,130,0.005719582084566355,16349,7.704035758972168,0.1,0.1,0.01,1e-06,0.1,1e-06,0.1,10,1,Adam,200,mse_loss
zv4edj68,finished,stoic-sweep-109,126.75459003448486,1026,1755901317.843247,{'runtime': 127},-6.633621692657471,-1.9628649950027464,130,0.0057197255082428455,16349,7.702920913696289,0.1,0.1,0.01,1e-05,0.1,1e-05,0.1,10,1,Adam,200,mse_loss
66ajd2dw,finished,happy-sweep-108,95.2481541633606,866,1755901284.1878502,{'runtime': 96},-4.365893363952637,-1.9479000568389893,66,0.004837470594793558,8349,7.682754516601563,0.1,0.1,0.01,0.0001,0.1,0.0001,0.1,10,1,Adam,200,mse_loss
tozybuce,finished,happy-sweep-107,97.8116536140442,866,1755901284.9477596,{'runtime': 98},-2.278768539428711,-2.1435394287109375,66,0.004693205934017897,8349,7.68093204498291,0.1,0.1,0.01,0.001,0.1,0.001,0.1,10,1,Adam,200,mse_loss
uk1rg9oc,finished,rural-sweep-106,95.55576753616332,866,1755901279.8170466,{'runtime': 96},-2.0639920234680176,-2.205275058746338,66,0.004626704379916191,8349,7.67017650604248,0.1,0.1,0.01,0.01,0.1,0.01,0.1,10,1,Adam,200,mse_loss
ry5e6n4g,finished,fast-sweep-105,104.99571871757507,801,1755901271.4535148,{'runtime': 105},-5.890524864196777,-2.8097190856933594,131,0.006901106797158718,16499,4.649837017059326,0.1,0.01,0.01,1e-06,0.1,1e-06,0.01,10,1,Adam,200,mse_loss
84tkqu6h,finished,lemon-sweep-104,106.45568108558656,801,1755901255.151937,{'runtime': 106},-5.896456718444824,-2.812743902206421,131,0.0069037918001413345,16499,4.652667999267578,0.1,0.01,0.01,1e-05,0.1,1e-05,0.01,10,1,Adam,200,mse_loss
ciuqtzsb,finished,dashing-sweep-103,102.65365958213806,801,1755901196.6091635,{'runtime': 103},-3.466941595077514,-2.956920862197876,131,0.006815102882683277,16499,4.630194187164307,0.1,0.01,0.01,0.0001,0.1,0.0001,0.01,10,1,Adam,200,mse_loss
3nf0dtiz,finished,vital-sweep-102,106.0788676738739,801,1755901171.8880866,{'runtime': 106},-1.879110336303711,-4.036670684814453,131,0.0064188106916844845,16499,4.63044548034668,0.1,0.01,0.01,0.001,0.1,0.001,0.01,10,1,Adam,200,mse_loss
yrsnj5je,finished,clean-sweep-101,105.42761516571044,801,1755901169.6109142,{'runtime': 105},-1.73218035697937,-4.430187702178955,131,0.006398713681846857,16499,4.609104633331299,0.1,0.01,0.01,0.01,0.1,0.01,0.01,10,1,Adam,200,mse_loss
ijm4pyre,finished,golden-sweep-100,105.3711907863617,909,1755901167.0455987,{'runtime': 105},-5.222126483917236,-3.696159601211548,83,0.0131244333460927,10499,3.2931365966796875,0.1,0.001,0.01,1e-06,0.1,1e-06,0.001,10,1,Adam,200,mse_loss
jm2banwo,finished,generous-sweep-99,102.61518454551695,909,1755901162.6618505,{'runtime': 103},-5.2221784591674805,-3.6938745975494385,83,0.01314422395080328,10499,3.292163372039795,0.1,0.001,0.01,1e-05,0.1,1e-05,0.001,10,1,Adam,200,mse_loss
ih6k1gjc,finished,honest-sweep-98,103.51823329925536,909,1755901146.4349532,{'runtime': 104},-4.238324165344238,-3.766401052474976,83,0.013002509251236916,10499,3.273749351501465,0.1,0.001,0.01,0.0001,0.1,0.0001,0.001,10,1,Adam,200,mse_loss
sgd00p0m,finished,sunny-sweep-97,104.61525058746338,909,1755901122.5320835,{'runtime': 105},-2.338068962097168,-4.673980236053467,83,0.011887318454682829,10499,3.2704415321350098,0.1,0.001,0.01,0.001,0.1,0.001,0.001,10,1,Adam,200,mse_loss
fl56hb7x,finished,breezy-sweep-96,100.67529225349426,909,1755901071.0484962,{'runtime': 101},-2.232084035873413,-4.792628765106201,83,0.011824547313153744,10499,3.253753423690796,0.1,0.001,0.01,0.01,0.1,0.01,0.001,10,1,Adam,200,mse_loss
j99mvcdh,finished,pious-sweep-95,103.87787437438963,909,1755901045.0681057,{'runtime': 104},-5.223308086395264,-3.758470058441162,83,0.013235208578407764,10499,3.2280421257019043,0.1,0.0001,0.01,1e-06,0.1,1e-06,0.0001,10,1,Adam,200,mse_loss
8ubpjrfe,finished,chocolate-sweep-94,103.88653922080994,909,1755901043.2031393,{'runtime': 104},-5.222099304199219,-3.758284568786621,83,0.013228901661932468,10499,3.228820323944092,0.1,0.0001,0.01,1e-05,0.1,1e-05,0.0001,10,1,Adam,200,mse_loss
3y3j4laa,finished,vague-sweep-93,103.0062849521637,909,1755901037.4523048,{'runtime': 103},-4.240829944610596,-3.833683967590332,83,0.0131037263199687,10499,3.2088778018951416,0.1,0.0001,0.01,0.0001,0.1,0.0001,0.0001,10,1,Adam,200,mse_loss
pnk3xfs7,finished,quiet-sweep-92,105.15905952453612,909,1755901038.2455266,{'runtime': 105},-2.370587110519409,-4.731016635894775,83,0.012001377530395985,10499,3.206054925918579,0.1,0.0001,0.01,0.001,0.1,0.001,0.0001,10,1,Adam,200,mse_loss
iao5rqqi,finished,fiery-sweep-91,102.1902871131897,909,1755901018.879565,{'runtime': 102},-2.2492153644561768,-4.852580547332764,83,0.011881595477461817,10499,3.1878750324249268,0.1,0.0001,0.01,0.01,0.1,0.01,0.0001,10,1,Adam,200,mse_loss
zeet3p1d,finished,comfy-sweep-90,92.16048550605774,516,1755900996.2624335,{'runtime': 92},-8.5346097946167,2.038590431213379,178,0.0033341296948492527,22349,144.1155242919922,0.01,10.0,0.01,1e-06,0.01,1e-06,10.0,10,1,Adam,200,mse_loss
u7u0lixe,finished,icy-sweep-89,57.27035927772522,344,1755900947.6670902,{'runtime': 57},-6.099353313446045,1.9044532775878904,109,0.01688932441174984,13749,144.1153564453125,0.01,10.0,0.01,1e-05,0.01,1e-05,10.0,10,1,Adam,200,mse_loss
u72vkfe9,finished,quiet-sweep-88,58.70111274719238,344,1755900920.2225275,{'runtime': 59},-1.7986273765563965,-1.7979538440704346,109,0.016773760318756104,13749,144.1153106689453,0.01,10.0,0.01,0.0001,0.01,0.0001,10.0,10,1,Adam,200,mse_loss
p1kbjj22,finished,robust-sweep-87,58.17284321784973,344,1755900913.293352,{'runtime': 58},-1.7986485958099363,-1.7979766130447388,109,0.016773764044046402,13749,144.1153106689453,0.01,10.0,0.01,0.001,0.01,0.001,10.0,10,1,Adam,200,mse_loss
dogfqdmu,finished,revived-sweep-86,59.12867188453674,344,1755900912.874071,{'runtime': 59},-1.7996796369552612,-1.7990063428878784,109,0.016773726791143417,13749,144.1152801513672,0.01,10.0,0.01,0.01,0.01,0.01,10.0,10,1,Adam,200,mse_loss
p3zb8rhn,finished,ethereal-sweep-85,80.21679091453552,477,1755900921.833942,{'runtime': 80},-5.71158504486084,0.09062659740447998,154,0.03730662912130356,19349,40.9592399597168,0.01,1.0,0.01,1e-06,0.01,1e-06,1.0,10,1,Adam,200,mse_loss
so4beqi3,finished,deft-sweep-84,80.52779722213745,477,1755900892.488618,{'runtime': 81},-5.3838605880737305,0.08722901344299316,154,0.037271808832883835,19349,40.95905303955078,0.01,1.0,0.01,1e-05,0.01,1e-05,1.0,10,1,Adam,200,mse_loss
c03b40jh,finished,northern-sweep-83,37.49122881889343,242,1755900839.7832668,{'runtime': 38},-3.9713408946990967,0.034951239824295044,60,0.09045469760894775,7599,40.95815658569336,0.01,1.0,0.01,0.0001,0.01,0.0001,1.0,10,1,Adam,200,mse_loss
txre84oh,finished,sage-sweep-82,37.048969745635986,242,1755900834.8007777,{'runtime': 37},-3.9684457778930664,0.03479747474193573,60,0.09044396877288818,7599,40.95003509521485,0.01,1.0,0.01,0.001,0.01,0.001,1.0,10,1,Adam,200,mse_loss
kzwy4rmg,finished,swift-sweep-81,37.50715446472168,242,1755900818.9178894,{'runtime': 38},-3.964704990386963,0.034641288220882416,60,0.09042513370513916,7599,40.869384765625,0.01,1.0,0.01,0.01,0.01,0.01,1.0,10,1,Adam,200,mse_loss
zvs0irqr,finished,vocal-sweep-80,113.4373495578766,812,1755900881.3828857,{'runtime': 114},-7.708631992340088,-2.3595871925354004,159,0.003390502417460084,19999,5.881500720977783,0.01,0.1,0.01,1e-06,0.01,1e-06,0.1,10,1,Adam,200,mse_loss
1eaq48m4,finished,vague-sweep-79,109.97626996040344,812,1755900869.266695,{'runtime': 110},-7.710121154785156,-2.358506679534912,159,0.003365164389833808,19999,5.883021354675293,0.01,0.1,0.01,1e-05,0.01,1e-05,0.1,10,1,Adam,200,mse_loss
eqv4tszr,finished,copper-sweep-78,74.30819749832153,602,1755900829.6069274,{'runtime': 74},-4.730431079864502,-2.436045408248902,75,0.002491025486961007,9499,5.880200386047363,0.01,0.1,0.01,0.0001,0.01,0.0001,0.1,10,1,Adam,200,mse_loss
pisy0itt,finished,clear-sweep-77,74.88567590713501,602,1755900755.254866,{'runtime': 75},-4.494220733642578,-2.4626944065093994,75,0.002462926786392927,9499,5.879544734954834,0.01,0.1,0.01,0.001,0.01,0.001,0.1,10,1,Adam,200,mse_loss
omin2yow,finished,ancient-sweep-76,73.98574876785278,602,1755900738.1022787,{'runtime': 74},-4.49418306350708,-2.464261770248413,75,0.0024641938507556915,9499,5.868138313293457,0.01,0.1,0.01,0.01,0.01,0.01,0.1,10,1,Adam,200,mse_loss
htzoeolv,finished,fast-sweep-75,131.28297472000122,897,1755900791.6913588,{'runtime': 131},-9.330864906311035,-6.6465535163879395,193,0.002491315593943,24249,1.6134859323501587,0.01,0.01,0.01,1e-06,0.01,1e-06,0.01,10,1,Adam,200,mse_loss
jqokn662,finished,denim-sweep-73,126.20903325080872,971,1755900778.9422052,{'runtime': 126},-6.504621982574463,-3.958466053009033,143,0.003801826387643814,17999,1.4135568141937256,0.01,0.01,0.01,0.0001,0.01,0.0001,0.01,10,1,Adam,200,mse_loss
rrt8ja46,finished,feasible-sweep-74,127.12340712547302,971,1755900779.840753,{'runtime': 127},-7.087152004241943,-3.8788747787475586,143,0.003980380017310381,17999,1.4114552736282349,0.01,0.01,0.01,1e-05,0.01,1e-05,0.01,10,1,Adam,200,mse_loss
m9r703vy,finished,happy-sweep-72,98.06320786476137,803,1755900728.644893,{'runtime': 98},-4.6566972732543945,-4.243426322937012,76,0.0031825329642742872,9599,1.41115403175354,0.01,0.01,0.01,0.001,0.01,0.001,0.01,10,1,Adam,200,mse_loss
ngcxy7hb,finished,desert-sweep-71,91.87704873085022,791,1755900627.0900917,{'runtime': 92},-4.487252235412598,-4.2030158042907715,71,0.0023142152931541204,8999,1.3814445734024048,0.01,0.01,0.01,0.01,0.01,0.01,0.01,10,1,Adam,200,mse_loss
iuqjqyfg,finished,bright-sweep-70,122.18086695671082,953,1755900657.003929,{'runtime': 122},-6.801370620727539,-5.015591621398926,136,0.010608771815896034,17099,0.9579901099205016,0.01,0.001,0.01,1e-06,0.01,1e-06,0.001,10,1,Adam,200,mse_loss
wegcxsse,finished,comic-sweep-69,122.61130428314208,953,1755900637.3930285,{'runtime': 123},-6.774972915649414,-5.005249500274658,136,0.009834093041718006,17099,0.9599317908287048,0.01,0.001,0.01,1e-05,0.01,1e-05,0.001,10,1,Adam,200,mse_loss
cyzd7qfa,finished,swift-sweep-68,124.0289273262024,953,1755900631.3515294,{'runtime': 124},-5.838388442993164,-5.230705261230469,136,0.010475769639015198,17099,0.953033208847046,0.01,0.001,0.01,0.0001,0.01,0.0001,0.001,10,1,Adam,200,mse_loss
mfyzvlvb,finished,light-sweep-67,160.15266346931458,1161,1755900644.9214454,{'runtime': 160},-5.0271735191345215,-5.388477325439453,219,0.0016653515631332994,27499,0.9513241052627563,0.01,0.001,0.01,0.001,0.01,0.001,0.001,10,1,Adam,200,mse_loss
bx9uvbtf,finished,expert-sweep-66,167.05009007453918,1161,1755900605.292608,{'runtime': 167},-4.410949230194092,-6.320847034454346,219,0.0017867329297587276,27499,0.9320553541183472,0.01,0.001,0.01,0.01,0.01,0.01,0.001,10,1,Adam,200,mse_loss
foxb6a4n,finished,azure-sweep-65,94.18968749046326,728,1755900514.9070766,{'runtime': 94},-5.905404567718506,-5.358270168304443,102,0.00257485406473279,12849,1.0415183305740356,0.01,0.0001,0.01,1e-06,0.01,1e-06,0.0001,10,1,Adam,200,mse_loss
duyoqtve,finished,wild-sweep-64,93.27572751045228,728,1755900513.5924926,{'runtime': 93},-5.885178089141846,-5.278187274932861,102,0.002439797855913639,12849,1.0416958332061768,0.01,0.0001,0.01,1e-05,0.01,1e-05,0.0001,10,1,Adam,200,mse_loss
ruc3uc6p,finished,glamorous-sweep-63,85.11113810539246,681,1755900494.1247082,{'runtime': 85},-5.265589237213135,-4.967005252838135,83,0.004353100899606943,10499,1.0418063402175903,0.01,0.0001,0.01,0.0001,0.01,0.0001,0.0001,10,1,Adam,200,mse_loss
i6sad1i2,finished,dutiful-sweep-62,86.07795834541321,681,1755900484.845055,{'runtime': 86},-5.278111457824707,-5.004149913787842,83,0.004159136209636927,10499,1.040340781211853,0.01,0.0001,0.01,0.001,0.01,0.001,0.0001,10,1,Adam,200,mse_loss
3xr9n1w6,finished,fearless-sweep-61,93.32306027412416,728,1755900463.2435744,{'runtime': 93},-5.610684394836426,-5.36159086227417,102,0.0022939438931643963,12849,1.0405755043029783,0.01,0.0001,0.01,0.01,0.01,0.01,0.0001,10,1,Adam,200,mse_loss
ahhavl9d,finished,legendary-sweep-60,61.6798050403595,344,1755900415.180139,{'runtime': 62},-6.043899059295654,1.907867193222046,109,0.01685321517288685,13749,144.11532592773438,0.001,10.0,0.01,1e-06,0.001,1e-06,10.0,10,1,Adam,200,mse_loss
e8atdu13,finished,wise-sweep-59,60.115193367004395,344,1755900396.8152804,{'runtime': 60},-1.8039075136184692,-1.8032585382461548,109,0.016773562878370285,13749,144.11532592773438,0.001,10.0,0.01,1e-05,0.001,1e-05,10.0,10,1,Adam,200,mse_loss
9c3e58wy,finished,pious-sweep-58,59.745564699172974,344,1755900396.1213677,{'runtime': 60},-1.8039076328277588,-1.8032588958740232,109,0.016773562878370285,13749,144.11532592773438,0.001,10.0,0.01,0.0001,0.001,0.0001,10.0,10,1,Adam,200,mse_loss
ec002aws,finished,olive-sweep-57,60.150917530059814,344,1755900383.5147135,{'runtime': 60},-1.8039075136184692,-1.8032585382461548,109,0.016773562878370285,13749,144.11532592773438,0.001,10.0,0.01,0.001,0.001,0.001,10.0,10,1,Adam,200,mse_loss
vatp3ctf,finished,fancy-sweep-56,61.10704803466797,344,1755900374.14576,{'runtime': 61},-1.8040062189102173,-1.8033636808395384,109,0.016773557290434837,13749,144.11532592773438,0.001,10.0,0.01,0.01,0.001,0.01,10.0,10,1,Adam,200,mse_loss
6hm8lyyc,finished,gallant-sweep-55,87.78078079223633,502,1755900346.5191247,{'runtime': 88},-6.6832499504089355,0.14977411925792694,164,0.04741450771689415,20599,39.25847625732422,0.001,1.0,0.01,1e-06,0.001,1e-06,1.0,10,1,Adam,200,mse_loss
7wgama5e,finished,floral-sweep-54,90.24391078948976,502,1755900329.048278,{'runtime': 90},-6.6364264488220215,0.1496080458164215,164,0.04741564393043518,20599,39.25847244262695,0.001,1.0,0.01,1e-05,0.001,1e-05,1.0,10,1,Adam,200,mse_loss
fhb0wi0r,finished,trim-sweep-53,88.33391213417053,502,1755900315.664853,{'runtime': 89},-6.6364827156066895,0.1496082991361618,164,0.04741562902927399,20599,39.258358001708984,0.001,1.0,0.01,0.0001,0.001,0.0001,1.0,10,1,Adam,200,mse_loss
iee6vpk8,finished,daily-sweep-52,87.59694075584412,502,1755900313.9426658,{'runtime': 88},-6.629645347595215,0.14958816766738892,164,0.04740427806973457,20599,39.257347106933594,0.001,1.0,0.01,0.001,0.001,0.001,1.0,10,1,Adam,200,mse_loss
8jz3lx4k,finished,giddy-sweep-50,79.96226048469543,484,1755900294.0228555,{'runtime': 80},-5.353930950164795,-2.5582435131073,133,0.0034485093783587217,16749,5.282137393951416,0.001,0.1,0.01,1e-06,0.001,1e-06,0.1,10,1,Adam,200,mse_loss
mxut5f6k,finished,lyric-sweep-51,88.11003232002258,502,1755900302.1859002,{'runtime': 88},-6.625674247741699,0.1495848447084427,164,0.04742620512843132,20599,39.2474365234375,0.001,1.0,0.01,0.01,0.001,0.01,1.0,10,1,Adam,200,mse_loss
ktihfpga,finished,jumping-sweep-49,51.59735465049744,341,1755900235.6284587,{'runtime': 52},-4.3415656089782715,-2.9147632122039795,76,0.004708635155111551,9599,5.282294273376465,0.001,0.1,0.01,1e-05,0.001,1e-05,0.1,10,1,Adam,200,mse_loss
402o8mzk,finished,lemon-sweep-48,51.62724423408508,341,1755900203.6619885,{'runtime': 52},-4.3296356201171875,-2.922544240951538,76,0.004684428218752146,9599,5.281923294067383,0.001,0.1,0.01,0.0001,0.001,0.0001,0.1,10,1,Adam,200,mse_loss
lxylo1db,finished,fanciful-sweep-47,51.78099703788757,341,1755900190.3863502,{'runtime': 52},-4.324228286743164,-2.925334215164185,76,0.004691045731306076,9599,5.281093597412109,0.001,0.1,0.01,0.001,0.001,0.001,0.1,10,1,Adam,200,mse_loss
uy7e30b2,finished,fancy-sweep-46,80.68656611442566,484,1755900214.755026,{'runtime': 81},-5.015808582305908,-2.626411199569702,133,0.0034827319905161858,16749,5.271282196044922,0.001,0.1,0.01,0.01,0.001,0.01,0.1,10,1,Adam,200,mse_loss
osau3l0q,finished,woven-sweep-45,96.09265041351318,612,1755900209.9496634,{'runtime': 96},-6.8013739585876465,-6.376596927642822,148,0.0019663553684949875,18599,1.0333343744277954,0.001,0.01,0.01,1e-06,0.001,1e-06,0.01,10,1,Adam,200,mse_loss
94vtwwvg,finished,stellar-sweep-44,96.66146278381348,612,1755900191.4184608,{'runtime': 97},-6.851680278778076,-6.473927021026611,148,0.0019266314338892696,18599,1.0330016613006592,0.001,0.01,0.01,1e-05,0.001,1e-05,0.01,10,1,Adam,200,mse_loss
ekjaxxkq,finished,spring-sweep-43,93.49446392059326,612,1755900162.1611638,{'runtime': 94},-6.675114154815674,-6.462667465209961,148,0.001958071021363139,18599,1.0330054759979248,0.001,0.01,0.01,0.0001,0.001,0.0001,0.01,10,1,Adam,200,mse_loss
dqprhxzd,finished,polished-sweep-42,94.23589301109314,612,1755900126.637173,{'runtime': 94},-6.78296422958374,-6.516829490661621,148,0.0019997749477624893,18599,1.0323988199234009,0.001,0.01,0.01,0.001,0.001,0.001,0.01,10,1,Adam,200,mse_loss
d1tlznz5,finished,fast-sweep-41,96.42169976234436,612,1755900112.2750428,{'runtime': 97},-6.288186550140381,-6.7657036781311035,148,0.0019588624127209187,18599,1.0232203006744385,0.001,0.01,0.01,0.01,0.001,0.01,0.01,10,1,Adam,200,mse_loss
yglv3ulo,finished,clean-sweep-40,90.21863627433775,587,1755900093.4349604,{'runtime': 90},-7.217907428741455,-7.609519481658936,138,0.002813667757436633,17349,0.6467674374580383,0.001,0.001,0.01,1e-06,0.001,1e-06,0.001,10,1,Adam,200,mse_loss
4awyev4x,finished,good-sweep-39,119.5577654838562,745,1755900118.8635554,{'runtime': 120},-10.041057586669922,-10.911005973815918,201,0.0017656272975727916,25249,0.646533191204071,0.001,0.001,0.01,1e-05,0.001,1e-05,0.001,10,1,Adam,200,mse_loss
lev7mko8,finished,still-sweep-38,90.94172286987305,587,1755900070.1885889,{'runtime': 91},-7.275139331817627,-7.632241249084473,138,0.002829217817634344,17349,0.6456648111343384,0.001,0.001,0.01,0.0001,0.001,0.0001,0.001,10,1,Adam,200,mse_loss
plp6fzz0,finished,clear-sweep-37,88.92779350280762,587,1755900044.5564246,{'runtime': 89},-7.253615379333496,-7.612313270568848,138,0.00278430967591703,17349,0.6444261074066162,0.001,0.001,0.01,0.001,0.001,0.001,0.001,10,1,Adam,200,mse_loss
w4zkp5rk,finished,firm-sweep-36,119.8506212234497,745,1755900013.243662,{'runtime': 120},-9.276568412780762,-10.762555122375488,201,0.0017220319714397192,25249,0.6365429759025574,0.001,0.001,0.01,0.01,0.001,0.01,0.001,10,1,Adam,200,mse_loss
u05cd6nn,finished,classic-sweep-35,122.43292784690856,745,1755899991.0998049,{'runtime': 123},-10.341866493225098,-10.856314659118652,201,0.001426969887688756,25249,0.6156073808670044,0.001,0.0001,0.01,1e-06,0.001,1e-06,0.0001,10,1,Adam,200,mse_loss
834436vt,finished,noble-sweep-34,119.94028425216676,745,1755899982.7105832,{'runtime': 120},-10.149762153625488,-10.724753379821776,201,0.0015154295833781362,25249,0.6157684326171875,0.001,0.0001,0.01,1e-05,0.001,1e-05,0.0001,10,1,Adam,200,mse_loss
sljoehaa,finished,clean-sweep-33,120.04222464561462,745,1755899979.6548846,{'runtime': 120},-10.31399631500244,-10.823493003845217,201,0.0014446841087192297,25249,0.6149628758430481,0.001,0.0001,0.01,0.0001,0.001,0.0001,0.0001,10,1,Adam,200,mse_loss
cjc8ojml,finished,fearless-sweep-32,121.83867287635805,745,1755899955.793207,{'runtime': 122},-10.214345932006836,-10.700066566467283,201,0.001548385713249445,25249,0.616089940071106,0.001,0.0001,0.01,0.001,0.001,0.001,0.0001,10,1,Adam,200,mse_loss
1tvjv127,finished,stellar-sweep-31,118.42652368545532,745,1755899931.1735296,{'runtime': 119},-9.563901901245115,-10.759337425231934,201,0.001509067136794329,25249,0.60782390832901,0.001,0.0001,0.01,0.01,0.001,0.01,0.0001,10,1,Adam,200,mse_loss
2iucl6ms,finished,silvery-sweep-30,60.08110165596008,344,1755899869.2872007,{'runtime': 60},-1.8044378757476809,-1.8037853240966797,109,0.016773540526628494,13749,144.11532592773438,0.0001,10.0,0.01,1e-06,0.0001,1e-06,10.0,10,1,Adam,200,mse_loss
morpwzaj,finished,iconic-sweep-29,61.06241846084595,344,1755899844.8985977,{'runtime': 61},-1.8044378757476809,-1.8037853240966797,109,0.016773540526628494,13749,144.11532592773438,0.0001,10.0,0.01,1e-05,0.0001,1e-05,10.0,10,1,Adam,200,mse_loss
1n701irh,finished,daily-sweep-27,60.300249338150024,344,1755899840.1341004,{'runtime': 60},-1.8044461011886597,-1.8037527799606323,109,0.016773546114563942,13749,144.11532592773438,0.0001,10.0,0.01,0.001,0.0001,0.001,10.0,10,1,Adam,200,mse_loss
fm6rsbxi,finished,stellar-sweep-28,60.65271854400635,344,1755899840.4928195,{'runtime': 61},-1.8045556545257568,-1.8032931089401243,109,0.016773633658885956,13749,144.11532592773438,0.0001,10.0,0.01,0.0001,0.0001,0.0001,10.0,10,1,Adam,200,mse_loss
0h3egi8v,finished,grateful-sweep-26,59.93036127090454,344,1755899785.0695012,{'runtime': 60},-1.804448485374451,-1.8037954568862915,109,0.016773542389273643,13749,144.11532592773438,0.0001,10.0,0.01,0.01,0.0001,0.01,10.0,10,1,Adam,200,mse_loss
tk7jaa1f,finished,pious-sweep-25,89.1898410320282,502,1755899814.331491,{'runtime': 89},-6.872885704040527,0.14896903932094574,164,0.04739505052566528,20599,39.069210052490234,0.0001,1.0,0.01,1e-06,0.0001,1e-06,1.0,10,1,Adam,200,mse_loss
rifzy71b,finished,worldly-sweep-24,87.36362552642822,502,1755899791.9493866,{'runtime': 88},-6.8722825050354,0.14896731078624725,164,0.04739505797624588,20599,39.06920623779297,0.0001,1.0,0.01,1e-05,0.0001,1e-05,1.0,10,1,Adam,200,mse_loss
26s2vowj,finished,toasty-sweep-23,89.46457767486572,502,1755899759.6366196,{'runtime': 90},-6.8722076416015625,0.14896708726882937,164,0.04739505052566528,20599,39.06919479370117,0.0001,1.0,0.01,0.0001,0.0001,0.0001,1.0,10,1,Adam,200,mse_loss
vp6727pj,finished,wild-sweep-22,90.3544774055481,502,1755899760.5264754,{'runtime': 90},-6.868863105773926,0.1489572823047638,164,0.04739512875676155,20599,39.069087982177734,0.0001,1.0,0.01,0.001,0.0001,0.001,1.0,10,1,Adam,200,mse_loss
w6c0f1p5,finished,cosmic-sweep-21,88.62375617027283,502,1755899758.809028,{'runtime': 89},-6.835555076599121,0.1488722413778305,164,0.0474182665348053,20599,39.06806182861328,0.0001,1.0,0.01,0.01,0.0001,0.01,1.0,10,1,Adam,200,mse_loss
7aah0ugu,finished,misunderstood-sweep-19,52.21149516105652,341,1755899703.1541471,{'runtime': 52},-4.34987211227417,-2.9343795776367188,76,0.004453510511666536,9599,5.055110454559326,0.0001,0.1,0.01,1e-05,0.0001,1e-05,0.1,10,1,Adam,200,mse_loss
o3vuipee,finished,devout-sweep-20,53.29854369163513,341,1755899704.2337546,{'runtime': 54},-4.35273551940918,-2.928075075149536,76,0.004428762011229992,9599,5.055009841918945,0.0001,0.1,0.01,1e-06,0.0001,1e-06,0.1,10,1,Adam,200,mse_loss
58eebdrv,finished,fragrant-sweep-17,51.056394815444946,341,1755899624.7674718,{'runtime': 51},-4.342202186584473,-2.9382200241088867,76,0.0044244746677577496,9599,5.054927825927734,0.0001,0.1,0.01,0.001,0.0001,0.001,0.1,10,1,Adam,200,mse_loss
8fathnpz,finished,crisp-sweep-18,51.0713210105896,341,1755899625.073602,{'runtime': 51},-4.3477678298950195,-2.9358630180358887,76,0.004422803875058889,9599,5.055052280426025,0.0001,0.1,0.01,0.0001,0.0001,0.0001,0.1,10,1,Adam,200,mse_loss
j20a131j,finished,bumbling-sweep-15,93.61343622207642,612,1755899663.842106,{'runtime': 94},-6.3475341796875,-6.677183151245117,148,0.001872766180895269,18599,0.8251070380210876,0.0001,0.01,0.01,1e-06,0.0001,1e-06,0.01,10,1,Adam,200,mse_loss
p85qnpd0,finished,sweepy-sweep-16,78.74513816833496,484,1755899648.9614232,{'runtime': 79},-5.085944652557373,-2.618458032608032,133,0.0034466504584997892,16749,5.054058074951172,0.0001,0.1,0.01,0.01,0.0001,0.01,0.1,10,1,Adam,200,mse_loss
tiuk95hj,finished,devout-sweep-14,97.0387761592865,612,1755899649.0342145,{'runtime': 97},-6.28469705581665,-6.706514358520508,148,0.0018758535152301192,18599,0.8250179886817932,0.0001,0.01,0.01,1e-05,0.0001,1e-05,0.01,10,1,Adam,200,mse_loss
ywrzh3qi,finished,smooth-sweep-13,96.54957747459412,612,1755899648.5493994,{'runtime': 97},-6.244240760803223,-6.7460808753967285,148,0.001893867738544941,18599,0.8254197239875793,0.0001,0.01,0.01,0.0001,0.0001,0.0001,0.01,10,1,Adam,200,mse_loss
tr453vqo,finished,stellar-sweep-12,95.4034297466278,612,1755899526.1315176,{'runtime': 96},-6.256018161773682,-6.6664719581604,148,0.0018461494473740456,18599,0.8253089785575867,0.0001,0.01,0.01,0.001,0.0001,0.001,0.01,10,1,Adam,200,mse_loss
ufqofv4l,finished,charmed-sweep-11,96.54187083244324,612,1755899527.2838588,{'runtime': 97},-6.25859260559082,-6.8617048263549805,148,0.0018749363953247664,18599,0.8251239061355591,0.0001,0.01,0.01,0.01,0.0001,0.01,0.01,10,1,Adam,200,mse_loss
1e4jt04h,finished,polished-sweep-9,118.94558691978456,745,1755899549.687676,{'runtime': 119},-10.05544376373291,-10.899800300598145,201,0.001435519428923726,25249,0.437885046005249,0.0001,0.001,0.01,1e-05,0.0001,1e-05,0.001,10,1,Adam,200,mse_loss
5j100b55,finished,lyric-sweep-10,121.24272537231444,745,1755899551.9869337,{'runtime': 121},-10.080352783203123,-10.88298797607422,201,0.0013691058848053217,25249,0.4368491768836975,0.0001,0.001,0.01,1e-06,0.0001,1e-06,0.001,10,1,Adam,200,mse_loss
6sdzpa54,finished,restful-sweep-7,119.83240151405334,745,1755899550.5573456,{'runtime': 120},-10.23557472229004,-10.97307586669922,201,0.0013136224588379264,25249,0.4365820288658142,0.0001,0.001,0.01,0.001,0.0001,0.001,0.001,10,1,Adam,200,mse_loss
qa3jpf9n,finished,robust-sweep-8,119.93583488464355,745,1755899550.651688,{'runtime': 120},-10.180216789245604,-10.957194328308104,201,0.001381510403007269,25249,0.4380047023296356,0.0001,0.001,0.01,0.0001,0.0001,0.0001,0.001,10,1,Adam,200,mse_loss
1mggtbad,finished,wobbly-sweep-6,121.17380881309508,745,1755899406.856233,{'runtime': 121},-10.327836036682127,-11.043354988098145,201,0.001357477973215282,25249,0.43599483370780945,0.0001,0.001,0.01,0.01,0.0001,0.01,0.001,10,1,Adam,200,mse_loss
4sioovl6,finished,toasty-sweep-3,119.1561713218689,745,1755899404.8431785,{'runtime': 119},-10.38968276977539,-10.816834449768066,201,0.0009860384743660688,25249,0.3720729351043701,0.0001,0.0001,0.01,0.0001,0.0001,0.0001,0.0001,10,1,Adam,200,mse_loss
581zjer9,finished,ethereal-sweep-5,119.94257164001463,745,1755899405.6576955,{'runtime': 120},-10.361572265625,-10.787887573242188,201,0.0009873671224340796,25249,0.37266284227371216,0.0001,0.0001,0.01,1e-06,0.0001,1e-06,0.0001,10,1,Adam,200,mse_loss
pk09nts8,finished,fresh-sweep-2,121.66604351997375,745,1755899407.3778417,{'runtime': 122},-10.4295015335083,-10.824849128723145,201,0.000992500688880682,25249,0.3715546131134033,0.0001,0.0001,0.01,0.001,0.0001,0.001,0.0001,10,1,Adam,200,mse_loss
vfic95ku,finished,eager-sweep-4,122.49008274078368,745,1755899408.1919048,{'runtime': 122},-10.347126960754396,-10.786471366882324,201,0.0010188238229602575,25249,0.3724634051322937,0.0001,0.0001,0.01,1e-05,0.0001,1e-05,0.0001,10,1,Adam,200,mse_loss
e1tvgsc5,finished,grateful-sweep-1,119.90189576148988,745,1755899405.6130447,{'runtime': 120},-10.382719039916992,-10.810355186462402,201,0.0009440864669159056,25249,0.3713585138320923,0.0001,0.0001,0.01,0.01,0.0001,0.01,0.0001,10,1,Adam,200,mse_loss
